id,dataset_id,title,title_translation,location,latitude,longitude,auto_geocoded,language,language_glottolog,culture,culture_dplace_id,culture_hraf_id,genre,performers,performer_genders,instrumentation,instrument_use,percussion_use,voice_use,tonality,scale,ambitus,tempo,meter,metric_classification,collectors,collection_date,collection_date_earliest,collection_date_latest,publication_key,publication_type,publication_title,publication_authors,publication_date,publication_page_num,publication_song_num,tune_family_id,catalogue_num,publication_preview_url,encoders,encoding_date,contributors,copyright,license_id,file_path,file_format,version,file_checksum,file_url,file_preview_url,file_has_lyrics,file_has_music,file_has_licence,other_fields,comments,warnings,description,lyrics
nootka001,densmore-nootka,Song Conserning the Whale Which Could Not Be Eaten,,"Neah Bay, Washington, U.S.A",48.365556,-124.615556,False,Makah,maka1318,Makah,,,songs with legends of whaling,James Guy,male,voice|drum,True,True,True,irregular,,,88,,,Frances Densmore,,1923,1926,densmore1939nootka,,,,,54,1,,1377,https://babel.hathitrust.org/cgi/pt?id=mdp.39015025347033&seq=106,Daniel Shanahan|Eva Shanahan,2014,,Copyright 2014 Daniel and Eva Shanahan,,data/No_1_Song_Conserning_the_Whale_Which_Could_Not_Be_Eaten.krn,kern,,ae1bcb97b1c69c9ec476e158885b5035,,,False,True,,"{""language_type"": ""Non-Tone"", ""language_family"": ""Wakashan"", ""functions"": ""legends""}",,,,
nootka002,densmore-nootka,Song Concerning the Eatable Whale,,"Neah Bay, Washington, U.S.A",48.365556,-124.615556,False,Makah,maka1318,Makah,,,songs with legends of whaling,James Guy,male,voice|drum,True,True,True,irregular,,,132,,,Frances Densmore,,1923,1926,densmore1939nootka,,,,,56,2,,1378,https://babel.hathitrust.org/cgi/pt?id=mdp.39015025347033&seq=108,Daniel Shanahan|Eva Shanahan,2014,,Copyright 2014 Daniel and Eva Shanahan,,data/No__2_Song_Concerning_the_Eatable_Whale.krn,kern,,18427502f3c9dd62be11db5ec7591095,,,False,True,,"{""language_type"": ""Non-Tone"", ""language_family"": ""Wakashan"", ""functions"": ""legends""}",,,,
nootka003,densmore-nootka,Song of the Married Man Who Became a Whaler,,"Neah Bay, Washington, U.S.A",48.365556,-124.615556,False,Makah,maka1318,Makah,,,songs with legends of whaling,James Guy,male,voice|drum,True,True,True,,,,54,,,Frances Densmore,,1923,1926,densmore1939nootka,,,,,59,3,,1379,https://babel.hathitrust.org/cgi/pt?id=mdp.39015025347033&seq=111,Daniel Shanahan|Eva Shanahan,2014,,Copyright 2014 Daniel and Eva Shanahan,,data/No_3_Song_of_the_Married_Man_Who_Became_a_Whaler.krn,kern,,2e300defdb18100014699eb5f59fa1c6,,,False,True,,"{""language_type"": ""Non-Tone"", ""language_family"": ""Wakashan"", ""functions"": ""legends""}",,,,
nootka004,densmore-nootka,Song to Make a Wounded Whale Swim Toward Shore,,"Neah Bay, Washington, U.S.A",48.365556,-124.615556,False,Makah,maka1318,Makah,,,songs with legends of whaling,Young Doctor,male,voice,False,False,True,,,,58,,,Frances Densmore,,1923,1926,densmore1939nootka,,,,,60,4,,1352,https://babel.hathitrust.org/cgi/pt?id=mdp.39015025347033&seq=112,Daniel Shanahan|Eva Shanahan,2014,,Copyright 2014 Daniel and Eva Shanahan,,data/No_4_Song_to_Make_a_Wounded_Whale_Swim_Toward_Shore.krn,kern,,33865a65c53f7c4a9800898c3370832f,,,False,True,,"{""language_type"": ""Non-Tone"", ""language_family"": ""Wakashan"", ""functions"": ""legends""}",,,,
nootka005,densmore-nootka,Song of Gathering at Which Fin Was Displayed,,"Neah Bay, Washington, U.S.A",48.365556,-124.615556,False,Makah,maka1318,Makah,,,songs with feast for whale fin,James Guy,male,voice,False,False,True,irregular,,,66,,,Frances Densmore,,1923,1926,densmore1939nootka,,,,,65,5,,1380,https://babel.hathitrust.org/cgi/pt?id=mdp.39015025347033&seq=117,Daniel Shanahan|Eva Shanahan,2014,,Copyright 2014 Daniel and Eva Shanahan,,data/No_5_Song_of_Gathering_at_Which_Fin_Was_Displayed.krn,kern,,8024f43322b47ff46a98bea87ae09c68,,,False,True,,"{""language_type"": ""Non-Tone"", ""language_family"": ""Wakashan"", ""functions"": ""ceremonial""}",,,,
nootka006,densmore-nootka,"""I Come to the Land""",,"Neah Bay, Washington, U.S.A",48.365556,-124.615556,False,Makah,maka1318,Makah,,,songs with feast for whale fin,James Guy,male,voice,False,False,True,irregular,,,76,,,Frances Densmore,,1923,1926,densmore1939nootka,,,,,65,6,,1381,https://babel.hathitrust.org/cgi/pt?id=mdp.39015025347033&seq=117,Daniel Shanahan|Eva Shanahan,2014,,Copyright 2014 Daniel and Eva Shanahan,,"data/No_6_""I_Come_to_the_Land"".krn",kern,,5a4c437996a3ef211ecbb85bba742d1c,,,False,True,,"{""language_type"": ""Non-Tone"", ""language_family"": ""Wakashan"", ""functions"": ""ceremonial""}",,,,
nootka007,densmore-nootka,A Whale Returns,,"Neah Bay, Washington, U.S.A",48.365556,-124.615556,False,Makah,maka1318,Makah,,,songs with feast for whale fin,James Guy,male,voice,False,False,True,irregular,,,54,,,Frances Densmore,,1923,1926,densmore1939nootka,,,,,66,7,,1382,https://babel.hathitrust.org/cgi/pt?id=mdp.39015025347033&seq=118,Daniel Shanahan|Eva Shanahan,2014,,Copyright 2014 Daniel and Eva Shanahan,,data/No__7_A_Whale_Returns.krn,kern,,eae2c658a4a904d17bbed5648a33f626,,,False,True,,"{""language_type"": ""Non-Tone"", ""language_family"": ""Wakashan"", ""functions"": ""ceremonial""}",,,,
nootka008,densmore-nootka,Song of a Whale,,"Neah Bay, Washington, U.S.A",48.365556,-124.615556,False,Makah,maka1318,Makah,,,oil potlatch songs,Wilson Parker,male,voice,False,False,True,,,,80,,,Frances Densmore,,1923,1926,densmore1939nootka,,,,,68,8,,1427,https://babel.hathitrust.org/cgi/pt?id=mdp.39015025347033&seq=120,Daniel Shanahan|Eva Shanahan,2014,,Copyright 2014 Daniel and Eva Shanahan,,data/No_8_Song_of_a_Whale.krn,kern,,411cd720594c475cc7a374df770db90d,,,False,True,,"{""language_type"": ""Non-Tone"", ""language_family"": ""Wakashan"", ""functions"": [""ceremonial"", ""harvest""]}",,,,
nootka009,densmore-nootka,Song of the Oil Potlatch,,"Neah Bay, Washington, U.S.A",48.365556,-124.615556,False,Makah,maka1318,Makah,,,oil potlatch songs,Wilson Parker,male,voice|drum,True,True,True,,,,76,,,Frances Densmore,,1923,1926,densmore1939nootka,,,,,70,9,,1425,https://babel.hathitrust.org/cgi/pt?id=mdp.39015025347033&seq=122,Daniel Shanahan|Eva Shanahan,2014,,Copyright 2014 Daniel and Eva Shanahan,,data/No_9_Song_of_the_Oil_Potlatch.krn,kern,,dca8f7d916dacbfece5a451dda9f5e96,,,False,True,,"{""language_type"": ""Non-Tone"", ""language_family"": ""Wakashan"", ""functions"": [""ceremonial"", ""harvest""]}",,,,
nootka010,densmore-nootka,Dance Song of the Young Women,,"Neah Bay, Washington, U.S.A",48.365556,-124.615556,False,Makah,maka1318,Makah,,,oil potlatch songs,Wilson Parker,male,voice|drum,True,True,True,,,,76,,,Frances Densmore,,1923,1926,densmore1939nootka,,,,,71,10,,1426,https://babel.hathitrust.org/cgi/pt?id=mdp.39015025347033&seq=123,Daniel Shanahan|Eva Shanahan,2014,,Copyright 2014 Daniel and Eva Shanahan,,data/No_10_Dance_Song_of_the_Young_Women.krn,kern,,3597cdf95d08cd9c6d0a324c9ea3543f,,,False,True,,"{""language_type"": ""Non-Tone"", ""language_family"": ""Wakashan"", ""functions"": [""ceremonial"", ""harvest""]}",,,,
nootka011,densmore-nootka,Song in the Canoes,,"Neah Bay, Washington, U.S.A",48.365556,-124.615556,False,Makah,maka1318,Makah,,,potlatch songs,Young Doctor,male,voice|drum,True,True,True,,,,60,,,Frances Densmore,,1923,1926,densmore1939nootka,,,,,73,11,,1323,https://babel.hathitrust.org/cgi/pt?id=mdp.39015025347033&seq=125,Daniel Shanahan|Eva Shanahan,2014,,Copyright 2014 Daniel and Eva Shanahan,,data/No_11_Song_in_the_Canoes.krn,kern,,22f84a1be968c0ca39e2752a109b7968,,,False,True,,"{""language_type"": ""Non-Tone"", ""language_family"": ""Wakashan"", ""functions"": [""ceremonial"", ""harvest"", ""harvest""]}",,,,
nootka012,densmore-nootka,Song of Invitation to a Potlatch,,"Neah Bay, Washington, U.S.A",48.365556,-124.615556,False,Makah,maka1318,Makah,,,potlatch songs,Young Doctor,male,voice|drum,True,True,True,,,,54,,,Frances Densmore,,1923,1926,densmore1939nootka,,,,,74,12,,1322,https://babel.hathitrust.org/cgi/pt?id=mdp.39015025347033&seq=126,Daniel Shanahan|Eva Shanahan,2014,,Copyright 2014 Daniel and Eva Shanahan,,data/No_12_Song_of_Invitation_to_a_Potlatch.krn,kern,,060aa30538bdc52bc86de797cf3b72b4,,,False,True,,"{""language_type"": ""Non-Tone"", ""language_family"": ""Wakashan"", ""functions"": [""ceremonial"", ""harvest"", ""harvest""]}",,,,
nootka013,densmore-nootka,Song of the Guests in Their Canoes,,"Neah Bay, Washington, U.S.A",48.365556,-124.615556,False,,,Quinaelt,,,potlatch songs,Young Doctor,male,voice|drum,True,True,True,,,,mixed,,,Frances Densmore,,1923,1926,densmore1939nootka,,,,,75,13,,1504,https://babel.hathitrust.org/cgi/pt?id=mdp.39015025347033&seq=127,Daniel Shanahan|Eva Shanahan,2014,,Copyright 2014 Daniel and Eva Shanahan,,data/No_13_Song_of_the_Guests_in_Their_Canoes.krn,kern,,35d6dfef763a08757932da7d58abca76,,,False,True,,"{""language_type"": ""Non-Tone"", ""language_family"": ""Wakashan"", ""functions"": [""ceremonial"", ""harvest"", ""harvest""]}",,,,
nootka014,densmore-nootka,Song of a Guest at a Potlatch,,"Neah Bay, Washington, U.S.A",48.365556,-124.615556,False,Makah,maka1318,Makah,,,potlatch songs,Young Doctor,male,voice|drum,True,True,True,,,,mixed,,,Frances Densmore,,1923,1926,densmore1939nootka,,,,,76,14,,1324,https://babel.hathitrust.org/cgi/pt?id=mdp.39015025347033&seq=128,Daniel Shanahan|Eva Shanahan,2014,,Copyright 2014 Daniel and Eva Shanahan,,data/No_14_Song_of_a_Guest_at_a_Potlatch.krn,kern,,7b70257f87e35132c902ba01cbc6b519,,,False,True,,"{""language_type"": ""Non-Tone"", ""language_family"": ""Wakashan"", ""functions"": [""ceremonial"", ""harvest"", ""harvest""]}",,,,
nootka015,densmore-nootka,Song of the Kwikwatla Dance,,"Neah Bay, Washington, U.S.A",48.365556,-124.615556,False,Makah,maka1318,Makah,,,potlatch songs,Young Doctor,male,voice|drum,True,True,True,,,,66,,,Frances Densmore,,1923,1926,densmore1939nootka,,,,,77,15,,1325,https://babel.hathitrust.org/cgi/pt?id=mdp.39015025347033&seq=129,Daniel Shanahan|Eva Shanahan,2014,,Copyright 2014 Daniel and Eva Shanahan,,data/No__15_Song_of_the_Kwikwatla_Dance.krn,kern,,255de74ab373a5221e739c3c172b0246,,,False,True,,"{""language_type"": ""Non-Tone"", ""language_family"": ""Wakashan"", ""functions"": [""ceremonial"", ""harvest"", ""harvest""]}",,,,
nootka016,densmore-nootka,Song of the Host at a Potlatch,,"Neah Bay, Washington, U.S.A",48.365556,-124.615556,False,Makah,maka1318,Makah,,,potlatch songs,Young Doctor,male,voice|drum,True,True,True,,,,63,,,Frances Densmore,,1923,1926,densmore1939nootka,,,,,78,16,,1326,https://babel.hathitrust.org/cgi/pt?id=mdp.39015025347033&seq=130,Daniel Shanahan|Eva Shanahan,2014,,Copyright 2014 Daniel and Eva Shanahan,,data/No__16_Song_of_the_Host_at_a_Potlatch.krn,kern,,4a5289eee31cdefceddf93836e9135b2,,,False,True,,"{""language_type"": ""Non-Tone"", ""language_family"": ""Wakashan"", ""functions"": [""ceremonial"", ""harvest"", ""harvest""]}",,,,
nootka017,densmore-nootka,Song Before Distribution of Gifts (a),,"Neah Bay, Washington, U.S.A",48.365556,-124.615556,False,Makah,maka1318,Makah,,,potlatch songs,Young Doctor,male,voice|drum,True,True,True,,,,69,,,Frances Densmore,,1923,1926,densmore1939nootka,,,,,79,17,,1320,https://babel.hathitrust.org/cgi/pt?id=mdp.39015025347033&seq=131,Daniel Shanahan|Eva Shanahan,2014,,Copyright 2014 Daniel and Eva Shanahan,,data/No_17_Song_Before_Distribution_of_Gifts_(a).krn,kern,,6b637172e9531c021280589b5abd57b6,,,False,True,,"{""language_type"": ""Non-Tone"", ""language_family"": ""Wakashan"", ""functions"": [""ceremonial"", ""harvest"", ""harvest""]}",,,,
nootka018,densmore-nootka,Song Before Distribution of Gifts (b),,"Neah Bay, Washington, U.S.A",48.365556,-124.615556,False,Makah,maka1318,Makah,,,potlatch songs,Young Doctor,male,voice|drum,True,True,True,,,,80,,,Frances Densmore,,1923,1926,densmore1939nootka,,,,,80,18,,1321,https://babel.hathitrust.org/cgi/pt?id=mdp.39015025347033&seq=132,Daniel Shanahan|Eva Shanahan,2014,,Copyright 2014 Daniel and Eva Shanahan,,data/No_18_Song_Before_Distribution_of_Gifts_(b).krn,kern,,cc6d16c091a25632c655331131bf3ae6,,,False,True,,"{""language_type"": ""Non-Tone"", ""language_family"": ""Wakashan"", ""functions"": [""ceremonial"", ""harvest"", ""harvest""]}",,,,
nootka019,densmore-nootka,"""Mine is a Proud Village""",,"Neah Bay, Washington, U.S.A",48.365556,-124.615556,False,Makah,maka1318,Makah,,,potlatch songs,Mrs. Helen Irving,female,voice|drum,True,True,True,,,,56,,,Frances Densmore,,1923,1926,densmore1939nootka,,,,,81,19,,1399,https://babel.hathitrust.org/cgi/pt?id=mdp.39015025347033&seq=133,Daniel Shanahan|Eva Shanahan,2014,,Copyright 2014 Daniel and Eva Shanahan,,"data/No_19_""Mine_is_a_Proud_Village"".krn",kern,,28d00f7bab8d95f24d9baad9da4f18d6,,,False,True,,"{""language_type"": ""Non-Tone"", ""language_family"": ""Wakashan"", ""functions"": [""ceremonial"", ""harvest"", ""harvest""]}",,,,
nootka020,densmore-nootka,Song of the Women Guests,,"Neah Bay, Washington, U.S.A",48.365556,-124.615556,False,Makah,maka1318,Makah,,,potlatch songs,Young Doctor,male,voice,False,False,True,,,,76,,,Frances Densmore,,1923,1926,densmore1939nootka,,,,,82,20,,1319,https://babel.hathitrust.org/cgi/pt?id=mdp.39015025347033&seq=134,Daniel Shanahan|Eva Shanahan,2014,,Copyright 2014 Daniel and Eva Shanahan,,data/No__20_Song_of_the_Women_Guests.krn,kern,,86f96d2caeef78aaff5acbcdd2b51543,,,False,True,,"{""language_type"": ""Non-Tone"", ""language_family"": ""Wakashan"", ""functions"": [""ceremonial"", ""harvest"", ""harvest""]}",,,,
nootka021,densmore-nootka,"""The Rattle is my Tumanos""",,"Neah Bay, Washington, U.S.A",48.365556,-124.615556,False,Makah,maka1318,Makah,,,potlatch songs,Young Doctor,male,voice,False,False,True,,,,84,,,Frances Densmore,,1923,1926,densmore1939nootka,,,,,83,21,,1298,https://babel.hathitrust.org/cgi/pt?id=mdp.39015025347033&seq=135,Daniel Shanahan|Eva Shanahan,2014,,Copyright 2014 Daniel and Eva Shanahan,,"data/No__21_""The_Rattle_is_my_Tumanos"".krn",kern,,d0ae4cbb711b81a9a7288e860060dee3,,,False,True,,"{""language_type"": ""Non-Tone"", ""language_family"": ""Wakashan"", ""functions"": [""ceremonial"", ""harvest"", ""harvest""]}",,,,
nootka022,densmore-nootka,Potlatch Song,,"Neah Bay, Washington, U.S.A",48.365556,-124.615556,False,Makah,maka1318,Makah,,,potlatch songs,Young Doctor,male,voice|drum,True,True,True,,,,63,,,Frances Densmore,,1923,1926,densmore1939nootka,,,,,84,22,,1318,https://babel.hathitrust.org/cgi/pt?id=mdp.39015025347033&seq=136,Daniel Shanahan|Eva Shanahan,2014,,Copyright 2014 Daniel and Eva Shanahan,,data/No_22_Potlatch_Song.krn,kern,,8efb067ecfbb724e5b8003a1c50f41f9,,,False,True,,"{""language_type"": ""Non-Tone"", ""language_family"": ""Wakashan"", ""functions"": [""ceremonial"", ""harvest"", ""harvest""]}",,,,
nootka023,densmore-nootka,Song of Santiano at a Potlatch,,"Neah Bay, Washington, U.S.A",48.365556,-124.615556,False,Makah,maka1318,Makah,,,songs with contest of medicine after potlatch,Young Doctor,male,voice,False,False,True,,,,84,,,Frances Densmore,,1923,1926,densmore1939nootka,,,,,85,23,,1327,https://babel.hathitrust.org/cgi/pt?id=mdp.39015025347033&seq=137,Daniel Shanahan|Eva Shanahan,2014,,Copyright 2014 Daniel and Eva Shanahan,,data/No__23_Song_of_Santiano_at_a_Potlatch.krn,kern,,45c77ed5e93a011bc6051186a04d7196,,,False,True,,"{""language_type"": ""Non-Tone"", ""language_family"": ""Wakashan"", ""functions"": ""healing""}",,,,
nootka024,densmore-nootka,Song Concerning a Man's Tumanos,,"Neah Bay, Washington, U.S.A",48.365556,-124.615556,False,Makah,maka1318,Makah,,,songs with contests of medicine after potlatch,Young Doctor,male,voice,False,False,True,,,,84,,,Frances Densmore,,1923,1926,densmore1939nootka,,,,,86,24,,1303,https://babel.hathitrust.org/cgi/pt?id=mdp.39015025347033&seq=138,Daniel Shanahan|Eva Shanahan,2014,,Copyright 2014 Daniel and Eva Shanahan,,data/No_24_Song_Concerning_a_Man's_Tumanos.krn,kern,,6bab9ee052d32a2157ab523925575181,,,False,True,,"{""language_type"": ""Non-Tone"", ""language_family"": ""Wakashan"", ""functions"": ""healing""}",,,,
nootka025,densmore-nootka,Song Challenging to Contest of Strength (a),,"Neah Bay, Washington, U.S.A",48.365556,-124.615556,False,Makah,maka1318,Makah,,,songs with contest of physical strength,Young Doctor,male,voice,False,False,True,,,,66,,,Frances Densmore,,1923,1926,densmore1939nootka,,,,,87,25,,1315,https://babel.hathitrust.org/cgi/pt?id=mdp.39015025347033&seq=139,Daniel Shanahan|Eva Shanahan,2014,,Copyright 2014 Daniel and Eva Shanahan,,data/No_25_Song_Challenging_to_Contest_of_Strength_(a).krn,kern,,298c6e22db04c853d614ae6f723533ff,,,False,True,,"{""language_type"": ""Non-Tone"", ""language_family"": ""Wakashan"", ""functions"": ""game""}",,,,
nootka026,densmore-nootka,Song Challenging to Contest of Strength (b),,"Neah Bay, Washington, U.S.A",48.365556,-124.615556,False,Makah,maka1318,Makah,,,songs with contest of physical strength,Young Doctor,male,voice,False,False,True,,,,72,,,Frances Densmore,,1923,1926,densmore1939nootka,,,,,88,26,,1316,https://babel.hathitrust.org/cgi/pt?id=mdp.39015025347033&seq=140,Daniel Shanahan|Eva Shanahan,2014,,Copyright 2014 Daniel and Eva Shanahan,,data/No__26_Song_Challenging_to_Contest_of_Strength_(b).krn,kern,,32125151bed9ddcf726e298736b203f0,,,False,True,,"{""language_type"": ""Non-Tone"", ""language_family"": ""Wakashan"", ""functions"": ""game""}",,,,
nootka027,densmore-nootka,Song Challenging to Contest of Strength (c),,"Neah Bay, Washington, U.S.A",48.365556,-124.615556,False,Makah,maka1318,Makah,,,songs with contest of physical strength,Young Doctor,male,voice,False,False,True,,,,60,,,Frances Densmore,,1923,1926,densmore1939nootka,,,,,89,27,,1317,https://babel.hathitrust.org/cgi/pt?id=mdp.39015025347033&seq=141,Daniel Shanahan|Eva Shanahan,2014,,Copyright 2014 Daniel and Eva Shanahan,,data/No__27_Song_Challenging_to_Contest_of_Strength_(c).krn,kern,,abac42bb84d098700cf6cd375e436cd8,,,False,True,,"{""language_type"": ""Non-Tone"", ""language_family"": ""Wakashan"", ""functions"": ""game""}",,,,
nootka028,densmore-nootka,Song of Women's Dance (a),,"Neah Bay, Washington, U.S.A",48.365556,-124.615556,False,Makah,maka1318,Makah,,,songs of women's dance,Young Doctor,male,voice|drum,True,True,True,,,,66,,,Frances Densmore,,1923,1926,densmore1939nootka,,,,,90,28,,1334,https://babel.hathitrust.org/cgi/pt?id=mdp.39015025347033&seq=142,Daniel Shanahan|Eva Shanahan,2014,,Copyright 2014 Daniel and Eva Shanahan,,data/No__28_Song_of_Women's_Dance_(a).krn,kern,,b1cc3ce4b76ec743109241e048b29482,,,False,True,,"{""language_type"": ""Non-Tone"", ""language_family"": ""Wakashan"", ""functions"": ""dance""}",,,,
nootka029,densmore-nootka,Song of Women's Dance (b),,"Neah Bay, Washington, U.S.A",48.365556,-124.615556,False,Makah,maka1318,Makah,,,song with women's dance,Young Doctor,male,voice|drum,True,True,True,,,,76,,,Frances Densmore,,1923,1926,densmore1939nootka,,,,,91,29,,1335,https://babel.hathitrust.org/cgi/pt?id=mdp.39015025347033&seq=143,Daniel Shanahan|Eva Shanahan,2014,,Copyright 2014 Daniel and Eva Shanahan,,data/No_29_Song_of_Women's_Dance_(b).krn,kern,,c9cb0f1e7b4b5802639b9b21d683ecea,,,False,True,,"{""language_type"": ""Non-Tone"", ""language_family"": ""Wakashan"", ""functions"": [""dance"", ""women""]}",,,,
nootka030,densmore-nootka,Song of the Kwekwasa Dance (a),,"Neah Bay, Washington, U.S.A",48.365556,-124.615556,False,Makah,maka1318,Makah,,,songs with kwekwasa dance,Young Doctor,male,voice,False,False,True,,,,69,,,Frances Densmore,,1923,1926,densmore1939nootka,,,,,92,30,,1336,https://babel.hathitrust.org/cgi/pt?id=mdp.39015025347033&seq=144,Daniel Shanahan|Eva Shanahan,2014,,Copyright 2014 Daniel and Eva Shanahan,,data/No__30_Song_of_the_Kwekwasa_Dance_(a).krn,kern,,841b36159bee72a19900e949e9628209,,,False,True,,"{""language_type"": ""Non-Tone"", ""language_family"": ""Wakashan"", ""functions"": ""dance""}",,,,
nootka031,densmore-nootka,Song of the Kwekwasa Dance (b),,"Neah Bay, Washington, U.S.A",48.365556,-124.615556,False,Makah,maka1318,Makah,,,song with kwekwasa dance,Young Doctor,male,voice,False,False,True,,,,96,,,Frances Densmore,,1923,1926,densmore1939nootka,,,,,93,31,,1337,https://babel.hathitrust.org/cgi/pt?id=mdp.39015025347033&seq=145,Daniel Shanahan|Eva Shanahan,2014,,Copyright 2014 Daniel and Eva Shanahan,,data/No_31_Song_of_the_Kwekwasa_Dance_(b).krn,kern,,0c2c71a0a411461bbb8e5f35b76cc14f,,,False,True,,"{""language_type"": ""Non-Tone"", ""language_family"": ""Wakashan"", ""functions"": ""dance""}",,,,
nootka032,densmore-nootka,Song of the Kwekwasa Dance (c),,"Neah Bay, Washington, U.S.A",48.365556,-124.615556,False,Makah,maka1318,Makah,,,songs with kwekwasa dance,Young Doctor,male,voice,False,False,True,irregular,,,60,,,Frances Densmore,,1923,1926,densmore1939nootka,,,,,94,32,,1338,https://babel.hathitrust.org/cgi/pt?id=mdp.39015025347033&seq=146,Daniel Shanahan|Eva Shanahan,2014,,Copyright 2014 Daniel and Eva Shanahan,,data/No__32_Song_of_the_Kwekwasa_Dance_(c).krn,kern,,aaf7d997e1723a227c6057d6c2f99ca7,,,False,True,,"{""language_type"": ""Non-Tone"", ""language_family"": ""Wakashan"", ""functions"": ""dance""}",,,,
nootka033,densmore-nootka,Dream Song of a Whaler,,"Neah Bay, Washington, U.S.A",48.365556,-124.615556,False,Makah,maka1318,Makah,,,song with memorial potlatch,Young Doctor,male,voice,False,False,True,irregular,,,36,,,Frances Densmore,,1923,1926,densmore1939nootka,,,,,95,33,,1351,https://babel.hathitrust.org/cgi/pt?id=mdp.39015025347033&seq=147,Daniel Shanahan|Eva Shanahan,2014,,Copyright 2014 Daniel and Eva Shanahan,,data/No_33_Dream_Song_of_a_Whaler.krn,kern,,9446c5d513c901515de30b4cadf35aeb,,,False,True,,"{""language_type"": ""Non-Tone"", ""language_family"": ""Wakashan"", ""functions"": ""ceremonial""}",,,,
nootka034,densmore-nootka,"""The Other Tribes Are Praising Me""",,"Neah Bay, Washington, U.S.A",48.365556,-124.615556,False,Makah,maka1318,Makah,,,klukluwatk dance,Philip Ladder,,voice|drum,True,True,True,,,,84,,,Frances Densmore,,1923,1926,densmore1939nootka,,,,,97,34,,1420,https://babel.hathitrust.org/cgi/pt?id=mdp.39015025347033&seq=149,Daniel Shanahan|Eva Shanahan,2014,,Copyright 2014 Daniel and Eva Shanahan,,"data/No_34_""The_Other_Tribes_Are_Praising_Me"".krn",kern,,ac94c592a450a53dc129f74687a42e4a,,,False,True,,"{""language_type"": ""Non-Tone"", ""language_family"": ""Wakashan"", ""functions"": [""tribename"", ""dance""]}",,,,
nootka035,densmore-nootka,Song of the Kluklukwatk Dance (a),,"Neah Bay, Washington, U.S.A",48.365556,-124.615556,False,Makah,maka1318,Makah,,,klukluwatk dance,Philip Ladder,,voice|drum,True,True,True,irregular,,,96,,,Frances Densmore,,1923,1926,densmore1939nootka,,,,,98,35,,1421,https://babel.hathitrust.org/cgi/pt?id=mdp.39015025347033&seq=150,Daniel Shanahan|Eva Shanahan,2014,,Copyright 2014 Daniel and Eva Shanahan,,data/No_35_Song_of_the_Kluklukwatk_Dance_(a).krn,kern,,e09678fe2b663617a9e23bccf54d20de,,,False,True,,"{""language_type"": ""Non-Tone"", ""language_family"": ""Wakashan"", ""functions"": [""tribename"", ""dance""]}",,,,
nootka036,densmore-nootka,Song of the Kluklukwatk Dance (b),,"Neah Bay, Washington, U.S.A",48.365556,-124.615556,False,Makah,maka1318,Makah,,,klukluwatk dance,Philip Ladder,,voice|drum,True,True,True,irregular,,,138,,,Frances Densmore,,1923,1926,densmore1939nootka,,,,,99,36,,1422,https://babel.hathitrust.org/cgi/pt?id=mdp.39015025347033&seq=151,Daniel Shanahan|Eva Shanahan,2014,,Copyright 2014 Daniel and Eva Shanahan,,data/No__36_Song_of_the_Kluklukwatk_Dance_(b).krn,kern,,f57a51e1fc103fac8ae568143a44e788,,,False,True,,"{""language_type"": ""Non-Tone"", ""language_family"": ""Wakashan"", ""functions"": [""tribename"", ""dance""]}",,,,
nootka037,densmore-nootka,Song of the Kluklukwatk Dance (c),,"Neah Bay, Washington, U.S.A",48.365556,-124.615556,False,Makah,maka1318,Makah,,,klukluwatk dance,Philip Ladder,,voice|drum,True,True,True,irregular,,,96,,,Frances Densmore,,1923,1926,densmore1939nootka,,,,,100,37,,1423,https://babel.hathitrust.org/cgi/pt?id=mdp.39015025347033&seq=152,Daniel Shanahan|Eva Shanahan,2014,,Copyright 2014 Daniel and Eva Shanahan,,data/No_37_Song_of_the_Kluklukwatk_Dance_(c).krn,kern,,0b7aad9437e8caef05a581c785a32b74,,,False,True,,"{""language_type"": ""Non-Tone"", ""language_family"": ""Wakashan"", ""functions"": [""tribename"", ""dance""]}",,,,
nootka038,densmore-nootka,"""I Am Dancing in the Air""",,"Neah Bay, Washington, U.S.A",48.365556,-124.615556,False,Makah,maka1318,Makah,,,klukluwatk dance,Philip Ladder,,voice|drum,True,True,True,irregular,,,66,,,Frances Densmore,,1923,1926,densmore1939nootka,,,,,101,38,,1424,https://babel.hathitrust.org/cgi/pt?id=mdp.39015025347033&seq=153,Daniel Shanahan|Eva Shanahan,2014,,Copyright 2014 Daniel and Eva Shanahan,,"data/No_38_""I_Am_Dancing_in_the_Air"".krn",kern,,e5ba1f39a72dc63d474f650d4d759395,,,False,True,,"{""language_type"": ""Non-Tone"", ""language_family"": ""Wakashan"", ""functions"": [""tribename"", ""dance""]}",,,,
nootka039,densmore-nootka,Klokali Song (a),,"Neah Bay, Washington, U.S.A",48.365556,-124.615556,False,Makah,maka1318,Makah,,,klokali songs,James Guy,male,voice,False,False,True,irregular,,,96,,,Frances Densmore,,1923,1926,densmore1939nootka,,,,,104,39,,1384,https://babel.hathitrust.org/cgi/pt?id=mdp.39015025347033&seq=156,Daniel Shanahan|Eva Shanahan,2014,,Copyright 2014 Daniel and Eva Shanahan,,data/No_39_Klokali_Song_(a).krn,kern,,c296d7cc4208db21838e0bde824548d8,,,False,True,,"{""language_type"": ""Non-Tone"", ""language_family"": ""Wakashan"", ""functions"": ""tribename""}",,,,
nootka040,densmore-nootka,Klokali Song (b),,"Neah Bay, Washington, U.S.A",48.365556,-124.615556,False,Makah,maka1318,Makah,,,klokali songs,James Guy,male,voice,False,False,True,irregular,,,80,,,Frances Densmore,,1923,1926,densmore1939nootka,,,,,105,40,,1385,https://babel.hathitrust.org/cgi/pt?id=mdp.39015025347033&seq=157,Daniel Shanahan|Eva Shanahan,2014,,Copyright 2014 Daniel and Eva Shanahan,,data/No_40_Klokali_Song_(b).krn,kern,,d5be7374126a6e178b52a27c7ddd0833,,,False,True,,"{""language_type"": ""Non-Tone"", ""language_family"": ""Wakashan"", ""functions"": ""tribename""}",,,,
nootka041,densmore-nootka,Klokali Song Learned From a Slave (a),,"Neah Bay, Washington, U.S.A",48.365556,-124.615556,False,,,Vancouver Island,,,klokali songs,Young Doctor,male,voice,False,False,True,irregular,,,76,,,Frances Densmore,,1923,1926,densmore1939nootka,,,,,107,41,,1501,https://babel.hathitrust.org/cgi/pt?id=mdp.39015025347033&seq=159,Daniel Shanahan|Eva Shanahan,2014,,Copyright 2014 Daniel and Eva Shanahan,,data/No_41_Klokali_Song_Learned_From_a_Slave_(a).krn,kern,,c5cf3d665f8f47ab27e741c3524ada9f,,,False,True,,"{""language_type"": ""Non-Tone"", ""language_family"": ""Wakashan"", ""functions"": ""tribename""}",,,,
nootka042,densmore-nootka,Klokali Song Learned From a Slave (b),,"Neah Bay, Washington, U.S.A",48.365556,-124.615556,False,,,Vancouver Island,,,klokali songs,James Guy,male,voice,False,False,True,,,,72,,,Frances Densmore,,1923,1926,densmore1939nootka,,,,,108,42,,1502,https://babel.hathitrust.org/cgi/pt?id=mdp.39015025347033&seq=160,Daniel Shanahan|Eva Shanahan,2014,,Copyright 2014 Daniel and Eva Shanahan,,data/No_42_Klokali_Song_Learned_From_a_Slave_(b).krn,kern,,1de6a8661fc5a9ec728bd074329a56b7,,,False,True,,"{""language_type"": ""Non-Tone"", ""language_family"": ""Wakashan"", ""functions"": ""tribename""}",,,,
nootka043,densmore-nootka,"""We Make You Join the Klokali""",,"Neah Bay, Washington, U.S.A",48.365556,-124.615556,False,Nuu-chah-nulth,nuuc1236,Clayoquot,,,klokali songs,Mrs. Sarah Guy,female,voice,False,False,True,,,,104,,,Frances Densmore,,1923,1926,densmore1939nootka,,,,,113,43,,1442,https://babel.hathitrust.org/cgi/pt?id=mdp.39015025347033&seq=165,Daniel Shanahan|Eva Shanahan,2014,,Copyright 2014 Daniel and Eva Shanahan,,"data/No__43_""We_Make_You_Join_the_Klokali"".krn",kern,,764df7606d6e0aeaf7e27526afb65080,,,False,True,,"{""language_type"": ""Non-Tone"", ""language_family"": ""Wakashan"", ""functions"": ""tribename""}",,,,
nootka044,densmore-nootka,"""Ten Large Diamonds""",,"Neah Bay, Washington, U.S.A",48.365556,-124.615556,False,Nuu-chah-nulth,nuuc1236,Clayoquot,,,klokali songs,Mrs. Sarah Guy,female,voice,False,False,True,,,,69,,,Frances Densmore,,1923,1926,densmore1939nootka,,,,,114,44,,1432,https://babel.hathitrust.org/cgi/pt?id=mdp.39015025347033&seq=166,Daniel Shanahan|Eva Shanahan,2014,,Copyright 2014 Daniel and Eva Shanahan,,"data/No_44_""Ten_Large_Diamonds"".krn",kern,,63afb1659506851e4ed62a616359cf81,,,False,True,,"{""language_type"": ""Non-Tone"", ""language_family"": ""Wakashan"", ""functions"": ""tribename""}",,,,
nootka045,densmore-nootka,"""I Possess the Salt Water""",,"Neah Bay, Washington, U.S.A",48.365556,-124.615556,False,Nuu-chah-nulth,nuuc1236,Clayoquot,,,klokali songs,Mrs. Sarah Guy,female,voice,False,False,True,,,,80,,,Frances Densmore,,1923,1926,densmore1939nootka,,,,,115,45,,1433,https://babel.hathitrust.org/cgi/pt?id=mdp.39015025347033&seq=167,Daniel Shanahan|Eva Shanahan,2014,,Copyright 2014 Daniel and Eva Shanahan,,"data/No_45_""I_Possess_the_Salt_Water"".krn",kern,,5d64319d2e8166b2cd4e3832174cbbd2,,,False,True,,"{""language_type"": ""Non-Tone"", ""language_family"": ""Wakashan"", ""functions"": ""tribename""}",,,,
nootka046,densmore-nootka,Lightning Dance Song,,"Neah Bay, Washington, U.S.A",48.365556,-124.615556,False,Nuu-chah-nulth,nuuc1236,Clayoquot,,,klokali songs,Mrs. Sarah Guy,female,voice,False,False,True,,,,42,,,Frances Densmore,,1923,1926,densmore1939nootka,,,,,116,46,,1434,https://babel.hathitrust.org/cgi/pt?id=mdp.39015025347033&seq=168,Daniel Shanahan|Eva Shanahan,2014,,Copyright 2014 Daniel and Eva Shanahan,,data/No_46_Lightning_Dance_Song.krn,kern,,8fc22d7e82340206d976200014410670,,,False,True,,"{""language_type"": ""Non-Tone"", ""language_family"": ""Wakashan"", ""functions"": ""tribename""}",,,,
nootka047,densmore-nootka,"""The Wolves Are Howling""",,"Neah Bay, Washington, U.S.A",48.365556,-124.615556,False,Nuu-chah-nulth,nuuc1236,Clayoquot,,,klokali songs,Mrs. Sarah Guy,female,voice,False,False,True,,,,60,,,Frances Densmore,,1923,1926,densmore1939nootka,,,,,117,47,,1435,https://babel.hathitrust.org/cgi/pt?id=mdp.39015025347033&seq=169,Daniel Shanahan|Eva Shanahan,2014,,Copyright 2014 Daniel and Eva Shanahan,,"data/No_47_""The_Wolves_Are_Howling"".krn",kern,,cf277580414d79569434c2359d19ad34,,,False,True,,"{""language_type"": ""Non-Tone"", ""language_family"": ""Wakashan"", ""functions"": ""tribename""}",,,,
nootka048,densmore-nootka,Modern Klokali Song,,"Neah Bay, Washington, U.S.A",48.365556,-124.615556,False,Makah,maka1318,Makah,,,klokali songs,Charles Swan,male,voice|drum,True,True,True,,,,120,,,Frances Densmore,,1923,1926,densmore1939nootka,,,,,118,48,,1419,https://babel.hathitrust.org/cgi/pt?id=mdp.39015025347033&seq=170,Daniel Shanahan|Eva Shanahan,2014,,Copyright 2014 Daniel and Eva Shanahan,,data/No_48_Modern_Klokali_Song.krn,kern,,62d724d166fc496960d67b6759413dc4,,,False,True,,"{""language_type"": ""Non-Tone"", ""language_family"": ""Wakashan"", ""functions"": ""tribename""}",,,,
nootka049,densmore-nootka,Wand Dance Song,,"Neah Bay, Washington, U.S.A",48.365556,-124.615556,False,Makah,maka1318,Makah,,,klokali songs,Charles Swan,male,voice|drum,True,True,True,,,,92,,,Frances Densmore,,1923,1926,densmore1939nootka,,,,,119,49,,1416,https://babel.hathitrust.org/cgi/pt?id=mdp.39015025347033&seq=171,Daniel Shanahan|Eva Shanahan,2014,,Copyright 2014 Daniel and Eva Shanahan,,data/No_49_Wand_Dance_Song.krn,kern,,b5ab40c81510cc9d8a57d4840cec5965,,,False,True,,"{""language_type"": ""Non-Tone"", ""language_family"": ""Wakashan"", ""functions"": ""tribename""}",,,,
nootka050,densmore-nootka,Song With Impersonation of the Wild White Geese,,"Neah Bay, Washington, U.S.A",48.365556,-124.615556,False,Makah,maka1318,Makah,,,klokali songs,Mrs. Helen Irving,female,voice|drum,True,True,True,,,,mixed,,,Frances Densmore,,1923,1926,densmore1939nootka,,,,,121,50,,1395,https://babel.hathitrust.org/cgi/pt?id=mdp.39015025347033&seq=173,Daniel Shanahan|Eva Shanahan,2014,,Copyright 2014 Daniel and Eva Shanahan,,data/No_50_Song_With_Impersonation_of_the_Wild_White_Geese.krn,kern,,2f626674a58295a36764518ff5a41001,,,False,True,,"{""language_type"": ""Non-Tone"", ""language_family"": ""Wakashan"", ""functions"": ""tribename""}",,,,
nootka051,densmore-nootka,Song With Impersonation of the Deer (a),,"Neah Bay, Washington, U.S.A",48.365556,-124.615556,False,Makah,maka1318,Makah,,,klokali songs,Mrs. Helen Irving,female,voice|drum,True,True,True,,,,80,,,Frances Densmore,,1923,1926,densmore1939nootka,,,,,123,51,,1397,https://babel.hathitrust.org/cgi/pt?id=mdp.39015025347033&seq=175,Daniel Shanahan|Eva Shanahan,2014,,Copyright 2014 Daniel and Eva Shanahan,,data/No_51_Song_With_Impersonation_of_the_Deer_(a).krn,kern,,c6e41d1534b3ecc2c7abe02cae41e608,,,False,True,,"{""language_type"": ""Non-Tone"", ""language_family"": ""Wakashan"", ""functions"": ""tribename""}",,,,
nootka052,densmore-nootka,Song With Impersonation of the Deer (b),,"Neah Bay, Washington, U.S.A",48.365556,-124.615556,False,Makah,maka1318,Makah,,,klokali songs,Mrs. Helen Irving,female,voice|drum,True,True,True,,,,80,,,Frances Densmore,,1923,1926,densmore1939nootka,,,,,124,52,,1398,https://babel.hathitrust.org/cgi/pt?id=mdp.39015025347033&seq=176,Daniel Shanahan|Eva Shanahan,2014,,Copyright 2014 Daniel and Eva Shanahan,,data/No_52_Song_With_Impersonation_of_the_Deer_(b).krn,kern,,490e31f0a9fd3147816957a61ac0a692,,,False,True,,"{""language_type"": ""Non-Tone"", ""language_family"": ""Wakashan"", ""functions"": ""tribename""}",,,,
nootka053,densmore-nootka,Song With Impersonation of a Little Fish,,"Neah Bay, Washington, U.S.A",48.365556,-124.615556,False,Makah,maka1318,Makah,,,klokali songs,Mrs. Helen Irving,female,voice|drum,True,True,True,,,,72,,,Frances Densmore,,1923,1926,densmore1939nootka,,,,,125,53,,1403,https://babel.hathitrust.org/cgi/pt?id=mdp.39015025347033&seq=177,Daniel Shanahan|Eva Shanahan,2014,,Copyright 2014 Daniel and Eva Shanahan,,data/No_53_Song_With_Impersonation_of_a_Little_Fish.krn,kern,,54f289fd3bd3d60202a28bf3b6b94fb5,,,False,True,,"{""language_type"": ""Non-Tone"", ""language_family"": ""Wakashan"", ""functions"": ""tribename""}",,,,
nootka054,densmore-nootka,Song With Impersonation of a Raven,,"Neah Bay, Washington, U.S.A",48.365556,-124.615556,False,Makah,maka1318,Makah,,,klokali songs,Young Doctor,male,voice,False,False,True,,,,92,,,Frances Densmore,,1923,1926,densmore1939nootka,,,,,125,54,,1339,https://babel.hathitrust.org/cgi/pt?id=mdp.39015025347033&seq=177,Daniel Shanahan|Eva Shanahan,2014,,Copyright 2014 Daniel and Eva Shanahan,,data/No_54_Song_With_Impersonation_of_a_Raven.krn,kern,,97d00e3d7200c9cf5df5797dc1c6356e,,,False,True,,"{""language_type"": ""Non-Tone"", ""language_family"": ""Wakashan"", ""functions"": ""tribename""}",,,,
nootka055,densmore-nootka,Song With Impersonation of Wolves,,"Neah Bay, Washington, U.S.A",48.365556,-124.615556,False,Makah,maka1318,Makah,,,klokali songs,Mrs. Helen Irving,female,voice|drum,True,True,True,irregular,,,66,,,Frances Densmore,,1923,1926,densmore1939nootka,,,,,126,55,,1396,https://babel.hathitrust.org/cgi/pt?id=mdp.39015025347033&seq=178,Daniel Shanahan|Eva Shanahan,2014,,Copyright 2014 Daniel and Eva Shanahan,,data/No_55_Song_With_Impersonation_of_Wolves.krn,kern,,dd74aad752bc1a4eb310077289046036,,,False,True,,"{""language_type"": ""Non-Tone"", ""language_family"": ""Wakashan"", ""functions"": ""tribename""}",,,,
nootka056,densmore-nootka,Song of the Horsemen,,"Neah Bay, Washington, U.S.A",48.365556,-124.615556,False,,,Vancouver Island,,,songs of dances presented at makah day celebrations,Charles Swan,male,voice|drum,True,True,True,irregular,,,104,,,Frances Densmore,,1923,1926,densmore1939nootka,,,,,132,56,,1499,https://babel.hathitrust.org/cgi/pt?id=mdp.39015025347033&seq=184,Daniel Shanahan|Eva Shanahan,2014,,Copyright 2014 Daniel and Eva Shanahan,,data/No_56_Song_of_the_Horsemen.krn,kern,,f72b52abcc45ce01c8f442a9a8c9f730,,,False,True,,"{""language_type"": ""Non-Tone"", ""language_family"": ""Wakashan"", ""functions"": [""dance"", ""ceremonial""]}",,,,
nootka057,densmore-nootka,Young Doctor's Canoe Song (a),,"Neah Bay, Washington, U.S.A",48.365556,-124.615556,False,Makah,maka1318,Makah,,,songs of dances presented at makah day celebrations,Charles Swan,male,voice|drum,True,True,True,,,,88,,,Frances Densmore,,1923,1926,densmore1939nootka,,,,,133,57,,1413,https://babel.hathitrust.org/cgi/pt?id=mdp.39015025347033&seq=185,Daniel Shanahan|Eva Shanahan,2014,,Copyright 2014 Daniel and Eva Shanahan,,data/No_57_Young_Doctor's_Canoe_Song_(a).krn,kern,,4d6e0167241c77629c09d987f2667e65,,,False,True,,"{""language_type"": ""Non-Tone"", ""language_family"": ""Wakashan"", ""functions"": [""dance"", ""ceremonial""]}",,,,
nootka058,densmore-nootka,Young Doctor's Canoe Song (b),,"Neah Bay, Washington, U.S.A",48.365556,-124.615556,False,Makah,maka1318,Makah,,,songs of dances presented at makah day celebrations,Charles Swan,male,voice|drum,True,True,True,,,,50,,,Frances Densmore,,1923,1926,densmore1939nootka,,,,,134,58,,1414,https://babel.hathitrust.org/cgi/pt?id=mdp.39015025347033&seq=186,Daniel Shanahan|Eva Shanahan,2014,,Copyright 2014 Daniel and Eva Shanahan,,data/No_58_Young_Doctor's_Canoe_Song_(b).krn,kern,,306cf6240352a906f1e5dafc38ba8eac,,,False,True,,"{""language_type"": ""Non-Tone"", ""language_family"": ""Wakashan"", ""functions"": [""dance"", ""ceremonial""]}",,,,
nootka059,densmore-nootka,Young Doctor's Canoe Song (c),,"Neah Bay, Washington, U.S.A",48.365556,-124.615556,False,Makah,maka1318,Makah,,,songs of dances presented at makah day celebrations,Charles Swan,male,voice|drum,True,True,True,,,,54,,,Frances Densmore,,1923,1926,densmore1939nootka,,,,,135,59,,1415,https://babel.hathitrust.org/cgi/pt?id=mdp.39015025347033&seq=187,Daniel Shanahan|Eva Shanahan,2014,,Copyright 2014 Daniel and Eva Shanahan,,data/No_59_Young_Doctor's_Canoe_Song_(c).krn,kern,,cdc855ccd149156fbfdc1b5fa18ce106,,,False,True,,"{""language_type"": ""Non-Tone"", ""language_family"": ""Wakashan"", ""functions"": [""dance"", ""ceremonial""]}",,,,
nootka060,densmore-nootka,Song With Spearman's Dance,,"Neah Bay, Washington, U.S.A",48.365556,-124.615556,False,,,Vancouver Island,,,songs of dances presented at makah day celebrations,Charles Swan,male,voice|drum,True,True,True,,,,76,,,Frances Densmore,,1923,1926,densmore1939nootka,,,,,138,60,,1497,https://babel.hathitrust.org/cgi/pt?id=mdp.39015025347033&seq=190,Daniel Shanahan|Eva Shanahan,2014,,Copyright 2014 Daniel and Eva Shanahan,,data/No_60_Song_With_Spearman's_Dance.krn,kern,,ae71ae7bb8c90831488e64bf00108a45,,,False,True,,"{""language_type"": ""Non-Tone"", ""language_family"": ""Wakashan"", ""functions"": [""dance"", ""ceremonial""]}",,,,
nootka061,densmore-nootka,Klikitat Dance Song,,"Neah Bay, Washington, U.S.A",48.365556,-124.615556,False,Makah,maka1318,Makah,,,songs of dances presented at makah day celebrations,Charles Swan,male,voice|drum,True,True,True,,,,92,,,Frances Densmore,,1923,1926,densmore1939nootka,,,,,139,61,,1418,https://babel.hathitrust.org/cgi/pt?id=mdp.39015025347033&seq=191,Daniel Shanahan|Eva Shanahan,2014,,Copyright 2014 Daniel and Eva Shanahan,,data/No_61_Klikitat_Dance_Song.krn,kern,,465f2d62f7d5c7e99352d84375f9ee69,,,False,True,,"{""language_type"": ""Non-Tone"", ""language_family"": ""Wakashan"", ""functions"": [""dance"", ""ceremonial""]}",,,,
nootka062,densmore-nootka,Song With Changeable Mask Dance,,"Neah Bay, Washington, U.S.A",48.365556,-124.615556,False,,,Vancouver Island,,,songs of dances presented at makah day celebrations,Charles Swan,male,voice|drum,True,True,True,,,,76,,,Frances Densmore,,1923,1926,densmore1939nootka,,,,,140,62,,1498,https://babel.hathitrust.org/cgi/pt?id=mdp.39015025347033&seq=192,Daniel Shanahan|Eva Shanahan,2014,,Copyright 2014 Daniel and Eva Shanahan,,data/No_62_Song_With_Changeable_Mask_Dance.krn,kern,,f91d520261def04f508cb4da47289d77,,,False,True,,"{""language_type"": ""Non-Tone"", ""language_family"": ""Wakashan"", ""functions"": [""dance"", ""ceremonial""]}",,,,
nootka063,densmore-nootka,Makah Homatsa Song,,"Neah Bay, Washington, U.S.A",48.365556,-124.615556,False,Makah,maka1318,Makah,,,songs of dances presented at makah day celebrations,Charles Swan,male,voice|drum,True,True,True,,,,63,,,Frances Densmore,,1923,1926,densmore1939nootka,,,,,142,63,,1417,https://babel.hathitrust.org/cgi/pt?id=mdp.39015025347033&seq=194,Daniel Shanahan|Eva Shanahan,2014,,Copyright 2014 Daniel and Eva Shanahan,,data/No_63_Makah_Homatsa_Song.krn,kern,,3bbbf49ce25f1ee2baa0e0ded1a1fd82,,,False,True,,"{""language_type"": ""Non-Tone"", ""language_family"": ""Wakashan"", ""functions"": [""dance"", ""ceremonial""]}",,,,
nootka064,densmore-nootka,Homatsa Song (a),,"Neah Bay, Washington, U.S.A",48.365556,-124.615556,False,,,Vancouver Island,,,songs of dances presented at makah day celebrations,Charles Swan,male,voice,False,False,True,,,,88,,,Frances Densmore,,1923,1926,densmore1939nootka,,,,,143,64,,1496,https://babel.hathitrust.org/cgi/pt?id=mdp.39015025347033&seq=195,Daniel Shanahan|Eva Shanahan,2014,,Copyright 2014 Daniel and Eva Shanahan,,data/No_64_Homatsa_Song_(a).krn,kern,,ebc8520fb4266939dc61ab29beb3ba51,,,False,True,,"{""language_type"": ""Non-Tone"", ""language_family"": ""Wakashan"", ""functions"": [""dance"", ""ceremonial""]}",,,,
nootka065,densmore-nootka,Homatsa Song (b),,"Neah Bay, Washington, U.S.A",48.365556,-124.615556,False,,,Vancouver Island,,,songs of dances presented at makah day celebrations,Edwin Hayte,male,voice,False,False,True,,,,116,,,Frances Densmore,,1923,1926,densmore1939nootka,,,,,145,65,,1500,https://babel.hathitrust.org/cgi/pt?id=mdp.39015025347033&seq=197,Daniel Shanahan|Eva Shanahan,2014,,Copyright 2014 Daniel and Eva Shanahan,,data/No_65_Homatsa_Song_(b).krn,kern,,6182fb1058b25814e13d1d5f3a23730b,,,False,True,,"{""language_type"": ""Non-Tone"", ""language_family"": ""Wakashan"", ""functions"": [""dance"", ""ceremonial""]}",,,,
nootka066,densmore-nootka,Nootka Homatsa Song,,"Neah Bay, Washington, U.S.A",48.365556,-124.615556,False,,,Nootka,,,songs of dances presented at makah day celebrations,Edwin Hayte,male,voice|drum,True,True,True,,,,60,,,Frances Densmore,,1923,1926,densmore1939nootka,,,,,146,66,,1503,https://babel.hathitrust.org/cgi/pt?id=mdp.39015025347033&seq=198,Daniel Shanahan|Eva Shanahan,2014,,Copyright 2014 Daniel and Eva Shanahan,,data/No_66_Nootka_Homatsa_Song.krn,kern,,026e5064da07a45718f4122111487ab4,,,False,True,,"{""language_type"": ""Non-Tone"", ""language_family"": ""Wakashan"", ""functions"": [""dance"", ""ceremonial""]}",,,,
nootka067,densmore-nootka,Entering Dance Song,,"Neah Bay, Washington, U.S.A",48.365556,-124.615556,False,Makah,maka1318,Makah,,,songs of dances presented at makah day celebrations,Mrs. Helen Irving,female,voice|drum,True,True,True,,,,84,,,Frances Densmore,,1923,1926,densmore1939nootka,,,,,148,67,,1409,https://babel.hathitrust.org/cgi/pt?id=mdp.39015025347033&seq=200,Daniel Shanahan|Eva Shanahan,2014,,Copyright 2014 Daniel and Eva Shanahan,,data/No_67_Entering_Dance_Song.krn,kern,,9f548f0e666aead6519f508dceeab262,,,False,True,,"{""language_type"": ""Non-Tone"", ""language_family"": ""Wakashan"", ""functions"": [""dance"", ""ceremonial""]}",,,,
nootka068,densmore-nootka,Social Dance Song,,"Neah Bay, Washington, U.S.A",48.365556,-124.615556,False,Nuu-chah-nulth,nuuc1236,Clayoquot,,,songs of social dance,Mrs. Annie Long Tom,female,voice,False,False,True,,,,88,,,Frances Densmore,,1923,1926,densmore1939nootka,,,,,150,68,,1477,https://babel.hathitrust.org/cgi/pt?id=mdp.39015025347033&seq=202,Daniel Shanahan|Eva Shanahan,2014,,Copyright 2014 Daniel and Eva Shanahan,,data/No_68_Social_Dance_Song.krn,kern,,bf7cde912da7157b00b2f720c449b6ab,,,False,True,,"{""language_type"": ""Non-Tone"", ""language_family"": ""Wakashan"", ""functions"": ""dance""}",,,,
nootka069,densmore-nootka,Song of Defiance (a),,"Neah Bay, Washington, U.S.A",48.365556,-124.615556,False,,,Yakima,,,songs of social dance,Mrs. Wilson Parker,female,voice,False,False,True,,,,80,,,Frances Densmore,,1923,1926,densmore1939nootka,,,,,151,69,,1505,https://babel.hathitrust.org/cgi/pt?id=mdp.39015025347033&seq=203,Daniel Shanahan|Eva Shanahan,2014,,Copyright 2014 Daniel and Eva Shanahan,,data/No_69_Song_of_Defiance_(a).krn,kern,,2153cfd88849ca02e6442573a1f3d3b4,,,False,True,,"{""language_type"": ""Non-Tone"", ""language_family"": ""Wakashan"", ""functions"": ""dance""}",,,,
nootka070,densmore-nootka,Song of Defiance (b),,"Neah Bay, Washington, U.S.A",48.365556,-124.615556,False,Makah,maka1318,Makah,,,songs of social dance,Mrs. Wilson Parker,female,voice,False,False,True,,,,104,,,Frances Densmore,,1923,1926,densmore1939nootka,,,,,152,70,,1364,https://babel.hathitrust.org/cgi/pt?id=mdp.39015025347033&seq=204,Daniel Shanahan|Eva Shanahan,2014,,Copyright 2014 Daniel and Eva Shanahan,,data/No_70_Song_of_Defiance_(b).krn,kern,,320d7e9e793e19ce2df5dbc55083c2a3,,,False,True,,"{""language_type"": ""Non-Tone"", ""language_family"": ""Wakashan"", ""functions"": ""dance""}",,,,
nootka071,densmore-nootka,Song of Pintlachatl Dance (a),,"Neah Bay, Washington, U.S.A",48.365556,-124.615556,False,Makah,maka1318,Makah,,,songs of social dance,James Guy,male,voice|drum,True,True,True,,,,mixed,,,Frances Densmore,,1923,1926,densmore1939nootka,,,,,153,71,,1386,https://babel.hathitrust.org/cgi/pt?id=mdp.39015025347033&seq=205,Daniel Shanahan|Eva Shanahan,2014,,Copyright 2014 Daniel and Eva Shanahan,,data/No_71_Song_of_Pintlachatl_Dance_(a).krn,kern,,ddfcafa8029967daa679ec14d1164fff,,,False,True,,"{""language_type"": ""Non-Tone"", ""language_family"": ""Wakashan"", ""functions"": ""dance""}",,,,
nootka072,densmore-nootka,Song of Pintlachatl Dance (b),,"Neah Bay, Washington, U.S.A",48.365556,-124.615556,False,Makah,maka1318,Makah,,,songs of social dance,James Guy,male,voice|drum,True,True,True,,,,66,,,Frances Densmore,,1923,1926,densmore1939nootka,,,,,154,72,,1387,https://babel.hathitrust.org/cgi/pt?id=mdp.39015025347033&seq=206,Daniel Shanahan|Eva Shanahan,2014,,Copyright 2014 Daniel and Eva Shanahan,,data/No_72_Song_of_Pintlachatl_Dance_(b).krn,kern,,7fe88425297950ddde530d4f7a600791,,,False,True,,"{""language_type"": ""Non-Tone"", ""language_family"": ""Wakashan"", ""functions"": ""dance""}",,,,
nootka073,densmore-nootka,Song of Pintlachatl Dance (c),,"Neah Bay, Washington, U.S.A",48.365556,-124.615556,False,Makah,maka1318,Makah,,,songs of social dance,Mrs. Wilson Parker,female,voice,False,False,True,,,,80,,,Frances Densmore,,1923,1926,densmore1939nootka,,,,,155,73,,1375,https://babel.hathitrust.org/cgi/pt?id=mdp.39015025347033&seq=207,Daniel Shanahan|Eva Shanahan,2014,,Copyright 2014 Daniel and Eva Shanahan,,data/No_73_Song_of_Pintlachatl_Dance_(c).krn,kern,,d9ebbd0a665b567cddcc5f9111f57466,,,False,True,,"{""language_type"": ""Non-Tone"", ""language_family"": ""Wakashan"", ""functions"": ""dance""}",,,,
nootka074,densmore-nootka,Song of Pintlachatl Dance (d),,"Neah Bay, Washington, U.S.A",48.365556,-124.615556,False,Makah,maka1318,Makah,,,songs of social dance,Mrs. Wilson Parker,female,voice|drum,True,True,True,,,,63,,,Frances Densmore,,1923,1926,densmore1939nootka,,,,,156,74,,1376,https://babel.hathitrust.org/cgi/pt?id=mdp.39015025347033&seq=208,Daniel Shanahan|Eva Shanahan,2014,,Copyright 2014 Daniel and Eva Shanahan,,data/No_74_Song_of_Pintlachatl_Dance_(d).krn,kern,,7a6a6841b1d07293bc0fe83e40c4697c,,,False,True,,"{""language_type"": ""Non-Tone"", ""language_family"": ""Wakashan"", ""functions"": ""dance""}",,,,
nootka075,densmore-nootka,Oldest Daughter's Dance Song,,"Neah Bay, Washington, U.S.A",48.365556,-124.615556,False,Nuu-chah-nulth,nuuc1236,Clayoquot,,,songs of social dance,Mrs. Sarah Guy,female,voice,False,False,True,,,,100,,,Frances Densmore,,1923,1926,densmore1939nootka,,,,,157,75,,1459,https://babel.hathitrust.org/cgi/pt?id=mdp.39015025347033&seq=209,Daniel Shanahan|Eva Shanahan,2014,,Copyright 2014 Daniel and Eva Shanahan,,data/No_75_Oldest_Daughter's_Dance_Song.krn,kern,,a16448b819a187a4e0e4b47346bb367e,,,False,True,,"{""language_type"": ""Non-Tone"", ""language_family"": ""Wakashan"", ""functions"": ""dance""}",,,,
nootka076,densmore-nootka,Youngest Daughter's Dance Song,,"Neah Bay, Washington, U.S.A",48.365556,-124.615556,False,Nuu-chah-nulth,nuuc1236,Clayoquot,,,songs of social dance,Mrs. Sarah Guy,female,voice,False,False,True,,,,72,,,Frances Densmore,,1923,1926,densmore1939nootka,,,,,158,76,,1460,https://babel.hathitrust.org/cgi/pt?id=mdp.39015025347033&seq=210,Daniel Shanahan|Eva Shanahan,2014,,Copyright 2014 Daniel and Eva Shanahan,,data/No_76_Youngest_Daughter's_Dance_Song.krn,kern,,8b3e83a8175c9e8dd3dcd832eea035b6,,,False,True,,"{""language_type"": ""Non-Tone"", ""language_family"": ""Wakashan"", ""functions"": ""dance""}",,,,
nootka077,densmore-nootka,"""Do Not Try to Imitate Me""",,"Neah Bay, Washington, U.S.A",48.365556,-124.615556,False,Makah,maka1318,Makah,,,songs of social dance,Mrs. Helen Irving,female,voice|drum,True,True,True,,,,72,,,Frances Densmore,,1923,1926,densmore1939nootka,,,,,159,77,,1408,https://babel.hathitrust.org/cgi/pt?id=mdp.39015025347033&seq=211,Daniel Shanahan|Eva Shanahan,2014,,Copyright 2014 Daniel and Eva Shanahan,,"data/No_77_""Do_Not_Try_to_Imitate_Me"".krn",kern,,f8717568f8deb8fa362abeb3e4c67013,,,False,True,,"{""language_type"": ""Non-Tone"", ""language_family"": ""Wakashan"", ""functions"": ""dance""}",,,,
nootka078,densmore-nootka,Song Belonging to the Last Makah Chief ,,"Neah Bay, Washington, U.S.A",48.365556,-124.615556,False,Makah,maka1318,Makah,,,songs of social dance,Charles Swan,male,voice|drum,True,True,True,,,,mixed,,,Frances Densmore,,1923,1926,densmore1939nootka,,,,,160,78,,1412,https://babel.hathitrust.org/cgi/pt?id=mdp.39015025347033&seq=212,Daniel Shanahan|Eva Shanahan,2014,,Copyright 2014 Daniel and Eva Shanahan,,data/No_78_Song_Belonging_to_the_Last_Makah_Chief_.krn,kern,,2425108efe64a0b5093fea102a35b408,,,False,True,,"{""language_type"": ""Non-Tone"", ""language_family"": ""Wakashan"", ""functions"": ""dance""}",,,,
nootka079,densmore-nootka,Song Before Feast,,"Neah Bay, Washington, U.S.A",48.365556,-124.615556,False,Makah,maka1318,Makah,,,songs of social dance,Young Doctor,male,voice,False,False,True,,,,69,,,Frances Densmore,,1923,1926,densmore1939nootka,,,,,161,79,,1308,https://babel.hathitrust.org/cgi/pt?id=mdp.39015025347033&seq=213,Daniel Shanahan|Eva Shanahan,2014,,Copyright 2014 Daniel and Eva Shanahan,,data/No_79_Song_Before_Feast.krn,kern,,ef3ec464768f737c65909501e29a04a5,,,False,True,,"{""language_type"": ""Non-Tone"", ""language_family"": ""Wakashan"", ""functions"": ""dance""}",,,,
nootka080,densmore-nootka,Song After Food Was Served,,"Neah Bay, Washington, U.S.A",48.365556,-124.615556,False,Makah,maka1318,Makah,,,songs of social dance,Young Doctor,male,voice,False,False,True,,,,66,,,Frances Densmore,,1923,1926,densmore1939nootka,,,,,162,80,,1307,https://babel.hathitrust.org/cgi/pt?id=mdp.39015025347033&seq=214,Daniel Shanahan|Eva Shanahan,2014,,Copyright 2014 Daniel and Eva Shanahan,,data/No_80_Song_After_Food_Was_Served.krn,kern,,31601b9ec5f2592d80cddc52097bd1a1,,,False,True,,"{""language_type"": ""Non-Tone"", ""language_family"": ""Wakashan"", ""functions"": ""dance""}",,,,
nootka081,densmore-nootka,Song During Feast,,"Neah Bay, Washington, U.S.A",48.365556,-124.615556,False,Makah,maka1318,Makah,,,songs of social dance,Young Doctor,male,voice,False,False,True,,,,80,,,Frances Densmore,,1923,1926,densmore1939nootka,,,,,163,81,,1310,https://babel.hathitrust.org/cgi/pt?id=mdp.39015025347033&seq=215,Daniel Shanahan|Eva Shanahan,2014,,Copyright 2014 Daniel and Eva Shanahan,,data/No_81_Song_During_Feast.krn,kern,,32d64e8f0e1792d51d5c946a794862cb,,,False,True,,"{""language_type"": ""Non-Tone"", ""language_family"": ""Wakashan"", ""functions"": ""dance""}",,,,
nootka082,densmore-nootka,Song After Feast,,"Neah Bay, Washington, U.S.A",48.365556,-124.615556,False,Makah,maka1318,Makah,,,songs of social dance,Young Doctor,male,voice,False,False,True,,,,80,,,Frances Densmore,,1923,1926,densmore1939nootka,,,,,164,82,,1311,https://babel.hathitrust.org/cgi/pt?id=mdp.39015025347033&seq=216,Daniel Shanahan|Eva Shanahan,2014,,Copyright 2014 Daniel and Eva Shanahan,,data/No_82_Song_After_Feast.krn,kern,,335693cc1f5273757b28b9ed0bba037a,,,False,True,,"{""language_type"": ""Non-Tone"", ""language_family"": ""Wakashan"", ""functions"": ""dance""}",,,,
nootka083,densmore-nootka,"""I Am Trying to Look as Pretty as I Can""",,"Neah Bay, Washington, U.S.A",48.365556,-124.615556,False,Nuu-chah-nulth,nuuc1236,Clayoquot,,,social gatherings,Mrs. Sarah Guy,female,voice,False,False,True,,,,76,,,Frances Densmore,,1923,1926,densmore1939nootka,,,,,167,83,,1436,https://babel.hathitrust.org/cgi/pt?id=mdp.39015025347033&seq=219,Daniel Shanahan|Eva Shanahan,2014,,Copyright 2014 Daniel and Eva Shanahan,,"data/No__83_""I_Am_Trying_to_Look_as_Pretty_as_I_Can"".krn",kern,,cd04db975293bd64063ea8e8c7db794f,,,False,True,,"{""language_type"": ""Non-Tone"", ""language_family"": ""Wakashan"", ""functions"": ""social""}",,,,
nootka084,densmore-nootka,Social Song,,"Neah Bay, Washington, U.S.A",48.365556,-124.615556,False,Makah,maka1318,Makah,,,social gatherings,Chester Wandahart,male,voice|drum,True,True,True,,,,mixed,,,Frances Densmore,,1923,1926,densmore1939nootka,,,,,168,84,,1429,https://babel.hathitrust.org/cgi/pt?id=mdp.39015025347033&seq=220,Daniel Shanahan|Eva Shanahan,2014,,Copyright 2014 Daniel and Eva Shanahan,,data/No_84_Social_Song.krn,kern,,38e35fb23a94b954f4b5f7b73e678849,,,False,True,,"{""language_type"": ""Non-Tone"", ""language_family"": ""Wakashan"", ""functions"": ""social""}",,,,
nootka085,densmore-nootka,"""Do Not Go Away""",,"Neah Bay, Washington, U.S.A",48.365556,-124.615556,False,Nuu-chah-nulth,nuuc1236,Clayoquot,,,social gatherings,Mrs. Annie Long Tom,female,voice,False,False,True,,,,52,,,Frances Densmore,,1923,1926,densmore1939nootka,,,,,169,85,,1471,https://babel.hathitrust.org/cgi/pt?id=mdp.39015025347033&seq=221,Daniel Shanahan|Eva Shanahan,2014,,Copyright 2014 Daniel and Eva Shanahan,,"data/No__85_""Do_Not_Go_Away"".krn",kern,,e3c885af430fc425e95c5343a5182d43,,,False,True,,"{""language_type"": ""Non-Tone"", ""language_family"": ""Wakashan"", ""functions"": ""social""}",,,,
nootka086,densmore-nootka,"""They Come From Under the Water""",,"Neah Bay, Washington, U.S.A",48.365556,-124.615556,False,Nuu-chah-nulth,nuuc1236,Clayoquot,,,social gatherings,Mrs. Annie Long Tom,female,voice,False,False,True,,,,66,,,Frances Densmore,,1923,1926,densmore1939nootka,,,,,169,86,,1472,https://babel.hathitrust.org/cgi/pt?id=mdp.39015025347033&seq=221,Daniel Shanahan|Eva Shanahan,2014,,Copyright 2014 Daniel and Eva Shanahan,,"data/No_86_""They_Come_From_Under_the_Water"".krn",kern,,d0f37c87bdfe4663184039e059da4eec,,,False,True,,"{""language_type"": ""Non-Tone"", ""language_family"": ""Wakashan"", ""functions"": ""social""}",,,,
nootka087,densmore-nootka,Courtesy Song (a),,"Neah Bay, Washington, U.S.A",48.365556,-124.615556,False,Nuu-chah-nulth,nuuc1236,Clayoquot,,,social gatherings,Mrs. Annie Long Tom,female,voice,False,False,True,,,,76,,,Frances Densmore,,1923,1926,densmore1939nootka,,,,,170,87,,1473,https://babel.hathitrust.org/cgi/pt?id=mdp.39015025347033&seq=222,Daniel Shanahan|Eva Shanahan,2014,,Copyright 2014 Daniel and Eva Shanahan,,data/No_87_Courtesy_Song_(a).krn,kern,,a949b259650f5b9348bb2d64dd9ff9ee,,,False,True,,"{""language_type"": ""Non-Tone"", ""language_family"": ""Wakashan"", ""functions"": ""social""}",,,,
nootka088,densmore-nootka,Courtesy Song (b),,"Neah Bay, Washington, U.S.A",48.365556,-124.615556,False,Nuu-chah-nulth,nuuc1236,Clayoquot,,,social gatherings,Mrs. Annie Long Tom,female,voice,False,False,True,,,,80,,,Frances Densmore,,1923,1926,densmore1939nootka,,,,,171,88,,1474,https://babel.hathitrust.org/cgi/pt?id=mdp.39015025347033&seq=223,Daniel Shanahan|Eva Shanahan,2014,,Copyright 2014 Daniel and Eva Shanahan,,data/No__88_Courtesy_Song_(b).krn,kern,,586d273f455c825105476b0f0283427d,,,False,True,,"{""language_type"": ""Non-Tone"", ""language_family"": ""Wakashan"", ""functions"": ""social""}",,,,
nootka089,densmore-nootka,"""I Will Not Have Him""",,"Neah Bay, Washington, U.S.A",48.365556,-124.615556,False,Nuu-chah-nulth,nuuc1236,Clayoquot,,,social gatherings,Mrs. Annie Long Tom,female,voice|drum,True,True,True,,,,mixed,,,Frances Densmore,,1923,1926,densmore1939nootka,,,,,172,89,,1466,https://babel.hathitrust.org/cgi/pt?id=mdp.39015025347033&seq=224,Daniel Shanahan|Eva Shanahan,2014,,Copyright 2014 Daniel and Eva Shanahan,,"data/No_89_""I_Will_Not_Have_Him"".krn",kern,,ad8b44d67d547eda56d349139561856a,,,False,True,,"{""language_type"": ""Non-Tone"", ""language_family"": ""Wakashan"", ""functions"": ""social""}",,,,
nootka090,densmore-nootka,"""I Look Like a Sea Parrot""",,"Neah Bay, Washington, U.S.A",48.365556,-124.615556,False,Makah,maka1318,Makah,,,social gatherings,Young Doctor,male,voice,False,False,True,,,,100,,,Frances Densmore,,1923,1926,densmore1939nootka,,,,,173,90,,1343,https://babel.hathitrust.org/cgi/pt?id=mdp.39015025347033&seq=225,Daniel Shanahan|Eva Shanahan,2014,,Copyright 2014 Daniel and Eva Shanahan,,"data/No_90_""I_Look_Like_a_Sea_Parrot"".krn",kern,,0adbcd9013b1ac1cd1b0e00ccf61f22e,,,False,True,,"{""language_type"": ""Non-Tone"", ""language_family"": ""Wakashan"", ""functions"": ""social""}",,,,
nootka091,densmore-nootka,"""How High My Forehead Is Getting""",,"Neah Bay, Washington, U.S.A",48.365556,-124.615556,False,Makah,maka1318,Makah,,,social gatherings,Young Doctor,male,voice,False,False,True,,,,92,,,Frances Densmore,,1923,1926,densmore1939nootka,,,,,174,91,,1344,https://babel.hathitrust.org/cgi/pt?id=mdp.39015025347033&seq=226,Daniel Shanahan|Eva Shanahan,2014,,Copyright 2014 Daniel and Eva Shanahan,,"data/No_91_""How_High_My_Forehead_Is_Getting"".krn",kern,,dcb6a86cb7a167b441511bbc01cce28f,,,False,True,,"{""language_type"": ""Non-Tone"", ""language_family"": ""Wakashan"", ""functions"": ""social""}",,,,
nootka092,densmore-nootka,"""I Am Getting Old""",,"Neah Bay, Washington, U.S.A",48.365556,-124.615556,False,Makah,maka1318,Makah,,,social gatherings,Young Doctor,male,voice,False,False,True,,,,84,,,Frances Densmore,,1923,1926,densmore1939nootka,,,,,175,92,,1347,https://babel.hathitrust.org/cgi/pt?id=mdp.39015025347033&seq=227,Daniel Shanahan|Eva Shanahan,2014,,Copyright 2014 Daniel and Eva Shanahan,,"data/No_92_""I_Am_Getting_Old"".krn",kern,,4ab1424f9403ea09907b8f11f3e1b52b,,,False,True,,"{""language_type"": ""Non-Tone"", ""language_family"": ""Wakashan"", ""functions"": ""social""}",,,,
nootka093,densmore-nootka,"""My Dear Friend is Going Away""",,"Neah Bay, Washington, U.S.A",48.365556,-124.615556,False,Makah,maka1318,Makah,,,social gatherings,Young Doctor,male,voice,False,False,True,,,,93,,,Frances Densmore,,1923,1926,densmore1939nootka,,,,,176,93,,1305,https://babel.hathitrust.org/cgi/pt?id=mdp.39015025347033&seq=228,Daniel Shanahan|Eva Shanahan,2014,,Copyright 2014 Daniel and Eva Shanahan,,"data/No_93_""My_Dear_Friend_is_Going_Away"".krn",kern,,0143d070d68870376e9d1824c4f6abe5,,,False,True,,"{""language_type"": ""Non-Tone"", ""language_family"": ""Wakashan"", ""functions"": ""social""}",,,,
nootka094,densmore-nootka,Song at Parting,,"Neah Bay, Washington, U.S.A",48.365556,-124.615556,False,Makah,maka1318,Makah,,,social gatherings,Chester Wandahart,male,voice|drum,True,True,True,,,,96,,,Frances Densmore,,1923,1926,densmore1939nootka,,,,,177,94,,1428,https://babel.hathitrust.org/cgi/pt?id=mdp.39015025347033&seq=229,Daniel Shanahan|Eva Shanahan,2014,,Copyright 2014 Daniel and Eva Shanahan,,data/No_94_Song_at_Parting.krn,kern,,9ea79b100c998297fce95d639de43f58,,,False,True,,"{""language_type"": ""Non-Tone"", ""language_family"": ""Wakashan"", ""functions"": ""social""}",,,,
nootka095,densmore-nootka,Song of the Crew,,"Neah Bay, Washington, U.S.A",48.365556,-124.615556,False,Makah,maka1318,Makah,,,social gatherings,Young Doctor,male,voice,False,False,True,,,,60,,,Frances Densmore,,1923,1926,densmore1939nootka,,,,,178,95,,1306,https://babel.hathitrust.org/cgi/pt?id=mdp.39015025347033&seq=230,Daniel Shanahan|Eva Shanahan,2014,,Copyright 2014 Daniel and Eva Shanahan,,data/No_95_Song_of_the_Crew.krn,kern,,5f170dd72f026c48ec9a55259f36a2fd,,,False,True,,"{""language_type"": ""Non-Tone"", ""language_family"": ""Wakashan"", ""functions"": ""social""}",,,,
nootka096,densmore-nootka,"""I Hear the Bird Singing""",,"Neah Bay, Washington, U.S.A",48.365556,-124.615556,False,Makah,maka1318,Makah,,,social gatherings,Young Doctor,male,voice|drum,True,True,True,,,,86,,,Frances Densmore,,1923,1926,densmore1939nootka,,,,,179,96,,1304,https://babel.hathitrust.org/cgi/pt?id=mdp.39015025347033&seq=231,Daniel Shanahan|Eva Shanahan,2014,,Copyright 2014 Daniel and Eva Shanahan,,"data/No_96_""I_Hear_the_Bird_Singing"".krn",kern,,897e4428c64a29be45d9427413538753,,,False,True,,"{""language_type"": ""Non-Tone"", ""language_family"": ""Wakashan"", ""functions"": ""social""}",,,,
nootka097,densmore-nootka,"""Stop Singing""",,"Neah Bay, Washington, U.S.A",48.365556,-124.615556,False,Nuu-chah-nulth,nuuc1236,Clayoquot,,,social gatherings,Mrs. Annie Long Tom,female,voice,False,False,True,,,,63,,,Frances Densmore,,1923,1926,densmore1939nootka,,,,,180,97,,1476,https://babel.hathitrust.org/cgi/pt?id=mdp.39015025347033&seq=232,Daniel Shanahan|Eva Shanahan,2014,,Copyright 2014 Daniel and Eva Shanahan,,"data/No_97_""Stop_Singing"".krn",kern,,4219bfe340545e0989d586734a9b2ce0,,,False,True,,"{""language_type"": ""Non-Tone"", ""language_family"": ""Wakashan"", ""functions"": ""social""}",,,,
nootka098,densmore-nootka,Song of the War Club,,"Neah Bay, Washington, U.S.A",48.365556,-124.615556,False,Makah,maka1318,Makah,,,war songs,Mrs. Helen Irving,female,voice|drum,True,True,True,irregular,,,mixed,,,Frances Densmore,,1923,1926,densmore1939nootka,,,,,185,98,,1407,https://babel.hathitrust.org/cgi/pt?id=mdp.39015025347033&seq=237,Daniel Shanahan|Eva Shanahan,2014,,Copyright 2014 Daniel and Eva Shanahan,,data/No_98_Song_of_the_War_Club.krn,kern,,0fbfff39954f49e39ea3c12e83df39ff,,,False,True,,"{""language_type"": ""Non-Tone"", ""language_family"": ""Wakashan"", ""functions"": ""war""}",,,,
nootka099,densmore-nootka,"""I Will Not Cut Off Your Head""",,"Neah Bay, Washington, U.S.A",48.365556,-124.615556,False,Makah,maka1318,Makah,,,war songs,Young Doctor,male,voice,False,False,True,,,,50,,,Frances Densmore,,1923,1926,densmore1939nootka,,,,,186,99,,1314,https://babel.hathitrust.org/cgi/pt?id=mdp.39015025347033&seq=238,Daniel Shanahan|Eva Shanahan,2014,,Copyright 2014 Daniel and Eva Shanahan,,"data/No_99_""I_Will_Not_Cut_Off_Your_Head"".krn",kern,,f2fd8a9b28d5941c9149f05b5c978eeb,,,False,True,,"{""language_type"": ""Non-Tone"", ""language_family"": ""Wakashan"", ""functions"": ""war""}",,,,
nootka100,densmore-nootka,Song on the Way to War,,"Neah Bay, Washington, U.S.A",48.365556,-124.615556,False,Makah,maka1318,Makah,,,war songs,James Guy,male,voice,False,False,True,irregular,,,92,,,Frances Densmore,,1923,1926,densmore1939nootka,,,,,187,100,,1431,https://babel.hathitrust.org/cgi/pt?id=mdp.39015025347033&seq=239,Daniel Shanahan|Eva Shanahan,2014,,Copyright 2014 Daniel and Eva Shanahan,,data/No_100_Song_on_the_Way_to_War.krn,kern,,e3f49e003158ed9fb8c78ac90d7c8046,,,False,True,,"{""language_type"": ""Non-Tone"", ""language_family"": ""Wakashan"", ""functions"": ""war""}",,,,
nootka101,densmore-nootka,"""You Cannot Defeat Us""",,"Neah Bay, Washington, U.S.A",48.365556,-124.615556,False,Makah,maka1318,Makah,,,war songs,Young Doctor,male,voice,False,False,True,,,,60,,,Frances Densmore,,1923,1926,densmore1939nootka,,,,,188,101,,1313,https://babel.hathitrust.org/cgi/pt?id=mdp.39015025347033&seq=240,Daniel Shanahan|Eva Shanahan,2014,,Copyright 2014 Daniel and Eva Shanahan,,"data/No_101_""You_Cannot_Defeat_Us"".krn",kern,,92c884c38ca14c3e5d0d1e19a731ed7d,,,False,True,,"{""language_type"": ""Non-Tone"", ""language_family"": ""Wakashan"", ""functions"": ""war""}",,,,
nootka102,densmore-nootka,Makah War Song,,"Neah Bay, Washington, U.S.A",48.365556,-124.615556,False,Makah,maka1318,Makah,,,war songs,Young Doctor,male,voice|drum,True,True,True,,,,84,,,Frances Densmore,,1923,1926,densmore1939nootka,,,,,189,102,,1312,https://babel.hathitrust.org/cgi/pt?id=mdp.39015025347033&seq=241,Daniel Shanahan|Eva Shanahan,2014,,Copyright 2014 Daniel and Eva Shanahan,,data/No_102_Makah_War_Song.krn,kern,,f0fbb5420511b9934f1515bfaa979ad6,,,False,True,,"{""language_type"": ""Non-Tone"", ""language_family"": ""Wakashan"", ""functions"": ""war""}",,,,
nootka103,densmore-nootka,Song of Those Who Remained at Home,,"Neah Bay, Washington, U.S.A",48.365556,-124.615556,False,Makah,maka1318,Makah,,,war songs,Young Doctor,male,voice,False,False,True,,,,72,,,Frances Densmore,,1923,1926,densmore1939nootka,,,,,190,103,,1350,https://babel.hathitrust.org/cgi/pt?id=mdp.39015025347033&seq=242,Daniel Shanahan|Eva Shanahan,2014,,Copyright 2014 Daniel and Eva Shanahan,,data/No_103_Song_of_Those_Who_Remained_at_Home.krn,kern,,1689bfd115c7ca661db62322ce693952,,,False,True,,"{""language_type"": ""Non-Tone"", ""language_family"": ""Wakashan"", ""functions"": ""war""}",,,,
nootka104,densmore-nootka,Song of a Head Hunter,,"Neah Bay, Washington, U.S.A",48.365556,-124.615556,False,Makah,maka1318,Makah,,,war songs,James Guy,male,voice,False,False,True,irregular,,,96,,,Frances Densmore,,1923,1926,densmore1939nootka,,,,,191,104,,1388,https://babel.hathitrust.org/cgi/pt?id=mdp.39015025347033&seq=243,Daniel Shanahan|Eva Shanahan,2014,,Copyright 2014 Daniel and Eva Shanahan,,data/No_104_Song_of_a_Head_Hunter.krn,kern,,4839613d2bc999cf7f8692b3d60a1d86,,,False,True,,"{""language_type"": ""Non-Tone"", ""language_family"": ""Wakashan"", ""functions"": ""war""}",,,,
nootka105,densmore-nootka,Song of a Returning War Party,,"Neah Bay, Washington, U.S.A",48.365556,-124.615556,False,Makah,maka1318,Makah,,,war songs,James Guy,male,voice,False,False,True,,,,92,,,Frances Densmore,,1923,1926,densmore1939nootka,,,,,192,105,,1389,https://babel.hathitrust.org/cgi/pt?id=mdp.39015025347033&seq=244,Daniel Shanahan|Eva Shanahan,2014,,Copyright 2014 Daniel and Eva Shanahan,,data/No_105_Song_of_a_Returning_War_Party.krn,kern,,6e053b49e5fbe36467694777eb3af1b1,,,False,True,,"{""language_type"": ""Non-Tone"", ""language_family"": ""Wakashan"", ""functions"": ""war""}",,,,
nootka106,densmore-nootka,Clayoquot War Song (a),,"Neah Bay, Washington, U.S.A",48.365556,-124.615556,False,Nuu-chah-nulth,nuuc1236,Clayoquot,,,war songs,Mrs. Sarah Guy,female,voice,False,False,True,irregular,,,88,,,Frances Densmore,,1923,1926,densmore1939nootka,,,,,193,106,,1443,https://babel.hathitrust.org/cgi/pt?id=mdp.39015025347033&seq=245,Daniel Shanahan|Eva Shanahan,2014,,Copyright 2014 Daniel and Eva Shanahan,,data/No_106_Clayoquot_War_Song_(a).krn,kern,,d1a98947e6712c008733639942949816,,,False,True,,"{""language_type"": ""Non-Tone"", ""language_family"": ""Wakashan"", ""functions"": ""war""}",,,,
nootka107,densmore-nootka,Clayoquot War Song (b),,"Neah Bay, Washington, U.S.A",48.365556,-124.615556,False,Nuu-chah-nulth,nuuc1236,Clayoquot,,,war songs,Mrs. Sarah Guy,female,voice,False,False,True,irregular,,,144,,,Frances Densmore,,1923,1926,densmore1939nootka,,,,,193,107,,1444,https://babel.hathitrust.org/cgi/pt?id=mdp.39015025347033&seq=245,Daniel Shanahan|Eva Shanahan,2014,,Copyright 2014 Daniel and Eva Shanahan,,data/No_107_Clayoquot_War_Song_(b).krn,kern,,98035496fe47232582111a9c2b914235,,,False,True,,"{""language_type"": ""Non-Tone"", ""language_family"": ""Wakashan"", ""functions"": ""war""}",,,,
nootka108,densmore-nootka,Head Hunter's Song of Triumph,,"Neah Bay, Washington, U.S.A",48.365556,-124.615556,False,Nuu-chah-nulth,nuuc1236,Clayoquot,,,war songs,Mrs. Sarah Guy,female,voice,False,False,True,,,,96,,,Frances Densmore,,1923,1926,densmore1939nootka,,,,,194,108,,1445,https://babel.hathitrust.org/cgi/pt?id=mdp.39015025347033&seq=246,Daniel Shanahan|Eva Shanahan,2014,,Copyright 2014 Daniel and Eva Shanahan,,data/No__108_Head_Hunter's_Song_of_Triumph.krn,kern,,e5adbd77d68f1bfb4efaeef517cfdd6f,,,False,True,,"{""language_type"": ""Non-Tone"", ""language_family"": ""Wakashan"", ""functions"": ""war""}",,,,
nootka109,densmore-nootka,Song Addressed to a Shark,,"Neah Bay, Washington, U.S.A",48.365556,-124.615556,False,Makah,maka1318,Makah,,,songs connected with legends,Young Doctor,male,voice,False,False,True,,,,72,,,Frances Densmore,,1923,1926,densmore1939nootka,,,,,196,109,,1300,https://babel.hathitrust.org/cgi/pt?id=mdp.39015025347033&seq=248,Daniel Shanahan|Eva Shanahan,2014,,Copyright 2014 Daniel and Eva Shanahan,,data/No_109_Song_Addressed_to_a_Shark.krn,kern,,b0efcd7211a6bc29d3fd7007858f2969,,,False,True,,"{""language_type"": ""Non-Tone"", ""language_family"": ""Wakashan"", ""functions"": ""legends""}",,,,
nootka110,densmore-nootka,Song to Bring Rain,,"Neah Bay, Washington, U.S.A",48.365556,-124.615556,False,Makah,maka1318,Makah,,,songs connected with legends,Young Doctor,male,voice,False,False,True,,,,72,,,Frances Densmore,,1923,1926,densmore1939nootka,,,,,198,110,,1301,https://babel.hathitrust.org/cgi/pt?id=mdp.39015025347033&seq=250,Daniel Shanahan|Eva Shanahan,2014,,Copyright 2014 Daniel and Eva Shanahan,,data/No_110_Song_to_Bring_Rain.krn,kern,,151cd8cc10a47a103dd13758fdb839b3,,,False,True,,"{""language_type"": ""Non-Tone"", ""language_family"": ""Wakashan"", ""functions"": ""legends""}",,,,
nootka111,densmore-nootka,Song of the Man on the Rock,,"Neah Bay, Washington, U.S.A",48.365556,-124.615556,False,Makah,maka1318,Makah,,,songs connected with legends,Young Doctor,male,voice,False,False,True,,,,66,,,Frances Densmore,,1923,1926,densmore1939nootka,,,,,199,111,,1302,https://babel.hathitrust.org/cgi/pt?id=mdp.39015025347033&seq=251,Daniel Shanahan|Eva Shanahan,2014,,Copyright 2014 Daniel and Eva Shanahan,,data/No_111_Song_of_the_Man_on_the_Rock.krn,kern,,a0ecb73f42e6bd1e402bb79cdc09ce9e,,,False,True,,"{""language_type"": ""Non-Tone"", ""language_family"": ""Wakashan"", ""functions"": ""legends""}",,,,
nootka112,densmore-nootka,"""In the Treetop""",,"Neah Bay, Washington, U.S.A",48.365556,-124.615556,False,Makah,maka1318,Makah,,,songs for little children,James Guy,male,voice,False,False,True,,,,69,,,Frances Densmore,,1923,1926,densmore1939nootka,,,,,200,112,,1392,https://babel.hathitrust.org/cgi/pt?id=mdp.39015025347033&seq=252,Daniel Shanahan|Eva Shanahan,2014,,Copyright 2014 Daniel and Eva Shanahan,,"data/No_112_""In_the_Treetop"".krn",kern,,71e25c5a833096ceef44b0265ddc6919,,,False,True,,"{""language_type"": ""Non-Tone"", ""language_family"": ""Wakashan"", ""functions"": ""children""}",,,,
nootka113,densmore-nootka,Song of the Squirrel,,"Neah Bay, Washington, U.S.A",48.365556,-124.615556,False,Makah,maka1318,Makah,,,songs for little children,James Guy,male,voice,False,False,True,,,,84,,,Frances Densmore,,1923,1926,densmore1939nootka,,,,,201,113,,1393,https://babel.hathitrust.org/cgi/pt?id=mdp.39015025347033&seq=253,Daniel Shanahan|Eva Shanahan,2014,,Copyright 2014 Daniel and Eva Shanahan,,data/No_113_Song_of_the_Squirrel.krn,kern,,5039f4cfc0958c5841cf7a3b02e8b4ff,,,False,True,,"{""language_type"": ""Non-Tone"", ""language_family"": ""Wakashan"", ""functions"": ""children""}",,,,
nootka114,densmore-nootka,Song of the Little Slave Man,,"Neah Bay, Washington, U.S.A",48.365556,-124.615556,False,Makah,maka1318,Makah,,,songs for little children,James Guy,male,voice,False,False,True,,,,76,,,Frances Densmore,,1923,1926,densmore1939nootka,,,,,203,114,,1394,https://babel.hathitrust.org/cgi/pt?id=mdp.39015025347033&seq=255,Daniel Shanahan|Eva Shanahan,2014,,Copyright 2014 Daniel and Eva Shanahan,,data/No_114_Song_of_the_Little_Slave_Man.krn,kern,,a35536a453c7ab60c8820e7e907658da,,,False,True,,"{""language_type"": ""Non-Tone"", ""language_family"": ""Wakashan"", ""functions"": ""children""}",,,,
nootka115,densmore-nootka,"""How Tiny You Are""",,"Neah Bay, Washington, U.S.A",48.365556,-124.615556,False,Nuu-chah-nulth,nuuc1236,Clayoquot,,,songs for little children,Mrs. Annie Long Tom,female,voice,False,False,True,,,,52,,,Frances Densmore,,1923,1926,densmore1939nootka,,,,,217,115,,1464,https://babel.hathitrust.org/cgi/pt?id=mdp.39015025347033&seq=269,Daniel Shanahan|Eva Shanahan,2014,,Copyright 2014 Daniel and Eva Shanahan,,"data/No_115_""How_Tiny_You_Are"".krn",kern,,2afad11f837d20abf43d2a1b31cadc4e,,,False,True,,"{""language_type"": ""Non-Tone"", ""language_family"": ""Wakashan"", ""functions"": ""children""}",,,,
nootka116,densmore-nootka,"""She Will Pick Salmonberries""",,"Neah Bay, Washington, U.S.A",48.365556,-124.615556,False,Makah,maka1318,Makah,,,songs for little children,Mrs. Helen Irving,female,voice|drum,True,True,True,,,,96,,,Frances Densmore,,1923,1926,densmore1939nootka,,,,,218,116,,1405,https://babel.hathitrust.org/cgi/pt?id=mdp.39015025347033&seq=270,Daniel Shanahan|Eva Shanahan,2014,,Copyright 2014 Daniel and Eva Shanahan,,"data/No_116_""She_Will_Pick_Salmonberries"".krn",kern,,1f4239078ebccedb113f72b825a0a8f2,,,False,True,,"{""language_type"": ""Non-Tone"", ""language_family"": ""Wakashan"", ""functions"": ""children""}",,,,
nootka117,densmore-nootka,"""The Other Babies Bother Me""",,"Neah Bay, Washington, U.S.A",48.365556,-124.615556,False,Nuu-chah-nulth,nuuc1236,Clayoquot,,,songs for little children,Mrs. Annie Long Tom,female,voice,False,False,True,,,,42,,,Frances Densmore,,1923,1926,densmore1939nootka,,,,,219,117,,1470,https://babel.hathitrust.org/cgi/pt?id=mdp.39015025347033&seq=271,Daniel Shanahan|Eva Shanahan,2014,,Copyright 2014 Daniel and Eva Shanahan,,"data/No_117_""The_Other_Babies_Bother_Me"".krn",kern,,8b2d65612a46ebd685e131a7a6b0e63f,,,False,True,,"{""language_type"": ""Non-Tone"", ""language_family"": ""Wakashan"", ""functions"": ""children""}",,,,
nootka118,densmore-nootka,"""I Wish I Was Out on the Rocks""",,"Neah Bay, Washington, U.S.A",48.365556,-124.615556,False,Nuu-chah-nulth,nuuc1236,Clayoquot,,,songs for little children,Mrs. Annie Long Tom,female,voice,False,False,True,,,,69,,,Frances Densmore,,1923,1926,densmore1939nootka,,,,,220,118,,1462,https://babel.hathitrust.org/cgi/pt?id=mdp.39015025347033&seq=272,Daniel Shanahan|Eva Shanahan,2014,,Copyright 2014 Daniel and Eva Shanahan,,"data/No_118_""I_Wish_I_Was_Out_on_the_Rocks"".krn",kern,,c3982d7244b249c7d7c2c0fccd22778e,,,False,True,,"{""language_type"": ""Non-Tone"", ""language_family"": ""Wakashan"", ""functions"": ""children""}",,,,
nootka119,densmore-nootka,"""Let Us Go After Crabs""",,"Neah Bay, Washington, U.S.A",48.365556,-124.615556,False,Makah,maka1318,Makah,,,songs for little children,Mrs. Wilson Parker,female,voice,False,False,True,irregular,,,66,,,Frances Densmore,,1923,1926,densmore1939nootka,,,,,221,119,,1353,https://babel.hathitrust.org/cgi/pt?id=mdp.39015025347033&seq=273,Daniel Shanahan|Eva Shanahan,2014,,Copyright 2014 Daniel and Eva Shanahan,,"data/No_119_""Let_Us_Go_After_Crabs"".krn",kern,,c055ca07e41d8634114b55e48e8766c2,,,False,True,,"{""language_type"": ""Non-Tone"", ""language_family"": ""Wakashan"", ""functions"": ""children""}",,,,
nootka120,densmore-nootka,"""Go to Sleep""",,"Neah Bay, Washington, U.S.A",48.365556,-124.615556,False,Makah,maka1318,Makah,,,songs for little children,Mrs. Wilson Parker,female,voice,False,False,True,,,,63,,,Frances Densmore,,1923,1926,densmore1939nootka,,,,,222,120,,1356,https://babel.hathitrust.org/cgi/pt?id=mdp.39015025347033&seq=274,Daniel Shanahan|Eva Shanahan,2014,,Copyright 2014 Daniel and Eva Shanahan,,"data/No_120_""Go_to_Sleep"".krn",kern,,5caad74db0dc57c5fcd6cabbd81989b7,,,False,True,,"{""language_type"": ""Non-Tone"", ""language_family"": ""Wakashan"", ""functions"": ""children""}",,,,
nootka121,densmore-nootka,Song to a Little Girl,,"Neah Bay, Washington, U.S.A",48.365556,-124.615556,False,Makah,maka1318,Makah,,,songs for little children,Mrs. Helen Irving,female,voice,False,False,True,,,,76,,,Frances Densmore,,1923,1926,densmore1939nootka,,,,,223,121,,1404,https://babel.hathitrust.org/cgi/pt?id=mdp.39015025347033&seq=275,Daniel Shanahan|Eva Shanahan,2014,,Copyright 2014 Daniel and Eva Shanahan,,data/No_121_Song_to_a_Little_Girl.krn,kern,,5f72a9017656137439dde59ff7df7a38,,,False,True,,"{""language_type"": ""Non-Tone"", ""language_family"": ""Wakashan"", ""functions"": ""children""}",,,,
nootka122,densmore-nootka,A Song of Prophecy,,"Neah Bay, Washington, U.S.A",48.365556,-124.615556,False,Makah,maka1318,Makah,,,songs for little children,Mrs. Helen Irving,female,voice|drum,True,True,True,,,,69,,,Frances Densmore,,1923,1926,densmore1939nootka,,,,,224,122,,1406,https://babel.hathitrust.org/cgi/pt?id=mdp.39015025347033&seq=276,Daniel Shanahan|Eva Shanahan,2014,,Copyright 2014 Daniel and Eva Shanahan,,data/No_122_A_Song_of_Prophecy.krn,kern,,3a1e107ab11466e593b677bcd05a853f,,,False,True,,"{""language_type"": ""Non-Tone"", ""language_family"": ""Wakashan"", ""functions"": ""children""}",,,,
nootka123,densmore-nootka,"""I Will Be a Great Warrior""",,"Neah Bay, Washington, U.S.A",48.365556,-124.615556,False,Nuu-chah-nulth,nuuc1236,Clayoquot,,,songs for little children,Mrs. Annie Long Tom,female,voice,False,False,True,,,,52,,,Frances Densmore,,1923,1926,densmore1939nootka,,,,,225,123,,1463,https://babel.hathitrust.org/cgi/pt?id=mdp.39015025347033&seq=277,Daniel Shanahan|Eva Shanahan,2014,,Copyright 2014 Daniel and Eva Shanahan,,"data/No_123_""I_Will_Be_a_Great_Warrior"".krn",kern,,167ff3cb2ee48b63686606e79efed857,,,False,True,,"{""language_type"": ""Non-Tone"", ""language_family"": ""Wakashan"", ""functions"": ""children""}",,,,
nootka124,densmore-nootka,"""My Little Son""",,"Neah Bay, Washington, U.S.A",48.365556,-124.615556,False,Makah,maka1318,Makah,,,songs for little children,Young Doctor,male,voice,False,False,True,irregular,,,69,,,Frances Densmore,,1923,1926,densmore1939nootka,,,,,226,124,,1349,https://babel.hathitrust.org/cgi/pt?id=mdp.39015025347033&seq=278,Daniel Shanahan|Eva Shanahan,2014,,Copyright 2014 Daniel and Eva Shanahan,,"data/No_124_""My_Little_Son"".krn",kern,,a40318a1b4b7b2e9a8f9e63421b276e1,,,False,True,,"{""language_type"": ""Non-Tone"", ""language_family"": ""Wakashan"", ""functions"": ""children""}",,,,
nootka125,densmore-nootka,A Basket Full of Snipe,,"Neah Bay, Washington, U.S.A",48.365556,-124.615556,False,Nuu-chah-nulth,nuuc1236,Clayoquot,,,songs for little children,Mrs. Annie Long Tom,female,voice,False,False,True,,,,56,,,Frances Densmore,,1923,1926,densmore1939nootka,,,,,227,125,,1469,https://babel.hathitrust.org/cgi/pt?id=mdp.39015025347033&seq=279,Daniel Shanahan|Eva Shanahan,2014,,Copyright 2014 Daniel and Eva Shanahan,,data/No_125_A_Basket_Full_of_Snipe.krn,kern,,bb44405e18120dc4bcb91efa89d7f00d,,,False,True,,"{""language_type"": ""Non-Tone"", ""language_family"": ""Wakashan"", ""functions"": ""children""}",,,,
nootka126,densmore-nootka,"""I Am Going To Be a Fisherman""",,"Neah Bay, Washington, U.S.A",48.365556,-124.615556,False,Makah,maka1318,Makah,,,songs for little children,Mrs. Wilson Parker,female,voice,False,False,True,irregular,,,96,,,Frances Densmore,,1923,1926,densmore1939nootka,,,,,227,126,,1354,https://babel.hathitrust.org/cgi/pt?id=mdp.39015025347033&seq=279,Daniel Shanahan|Eva Shanahan,2014,,Copyright 2014 Daniel and Eva Shanahan,,"data/No_126_""I_Am_Going_To_Be_a_Fisherman"".krn",kern,,6c24a640b5407dd7b623a07d256a0074,,,False,True,,"{""language_type"": ""Non-Tone"", ""language_family"": ""Wakashan"", ""functions"": ""children""}",,,,
nootka127,densmore-nootka,"""My Canoe Is Full of Kelp Fish""",,"Neah Bay, Washington, U.S.A",48.365556,-124.615556,False,Makah,maka1318,Makah,,,songs for little children,Mrs. Wilson Parker,female,voice,False,False,True,,,,96,,,Frances Densmore,,1923,1926,densmore1939nootka,,,,,228,127,,1374,https://babel.hathitrust.org/cgi/pt?id=mdp.39015025347033&seq=280,Daniel Shanahan|Eva Shanahan,2014,,Copyright 2014 Daniel and Eva Shanahan,,"data/No_127_""My_Canoe_Is_Full_of_Kelp_Fish"".krn",kern,,dd982021f88bd23e95f271b07c48c1c1,,,False,True,,"{""language_type"": ""Non-Tone"", ""language_family"": ""Wakashan"", ""functions"": ""children""}",,,,
nootka128,densmore-nootka,Song of a Grandparent,,"Neah Bay, Washington, U.S.A",48.365556,-124.615556,False,Makah,maka1318,Makah,,,songs for little children,Mrs. Wilson Parker,female,voice,False,False,True,,,,60,,,Frances Densmore,,1923,1926,densmore1939nootka,,,,,229,128,,1355,https://babel.hathitrust.org/cgi/pt?id=mdp.39015025347033&seq=281,Daniel Shanahan|Eva Shanahan,2014,,Copyright 2014 Daniel and Eva Shanahan,,data/No_128_Song_of_a_Grandparent.krn,kern,,88cd7007863ba980e06b364c944274a5,,,False,True,,"{""language_type"": ""Non-Tone"", ""language_family"": ""Wakashan"", ""functions"": ""children""}",,,,
nootka129,densmore-nootka,Fathoms of Wumpum Shell,,"Neah Bay, Washington, U.S.A",48.365556,-124.615556,False,Makah,maka1318,Makah,,,songs with legends told to children,Mrs. Wilson Parker,female,voice,False,False,True,,,,76,,,Frances Densmore,,1923,1926,densmore1939nootka,,,,,239,129,,1369,https://babel.hathitrust.org/cgi/pt?id=mdp.39015025347033&seq=291,Daniel Shanahan|Eva Shanahan,2014,,Copyright 2014 Daniel and Eva Shanahan,,data/No_129_Fathoms_of_Wumpum_Shell.krn,kern,,47ac964a4ccc4b2b3a7f0e2a0d0d55c2,,,False,True,,"{""language_type"": ""Non-Tone"", ""language_family"": ""Wakashan"", ""functions"": ""legends""}",,,,
nootka131,densmore-nootka,Song Concerning Kwati's Anklets,,"Neah Bay, Washington, U.S.A",48.365556,-124.615556,False,Makah,maka1318,Makah,,,songs with legends told to children,Mrs. Wilson Parker,female,voice,False,False,True,irregular,,,54,,,Frances Densmore,,1923,1926,densmore1939nootka,,,,,231,131,,1371,https://babel.hathitrust.org/cgi/pt?id=mdp.39015025347033&seq=283,Daniel Shanahan|Eva Shanahan,2014,,Copyright 2014 Daniel and Eva Shanahan,,data/No__131_Song_Concerning_Kwati's_Anklets.krn,kern,,18fc85573a417882e5cd4dc009fd33d6,,,False,True,,"{""language_type"": ""Non-Tone"", ""language_family"": ""Wakashan"", ""functions"": ""legends""}",,,,
nootka204,densmore-nootka,Bear Song,,"Neah Bay, Washington, U.S.A",48.365556,-124.615556,False,Quileute,quil1240,Quileute,,,quileute songs,Mrs. Gilbert Holden,female,voice|drum,True,True,True,,,,mixed,,,Frances Densmore,,1923,1926,densmore1939nootka,,,,,335,204,,1491,https://babel.hathitrust.org/cgi/pt?id=mdp.39015025347033&seq=387,Daniel Shanahan|Eva Shanahan,2014,,Copyright 2014 Daniel and Eva Shanahan,,data/No__204_Bear_Song.krn,kern,,8b105a78365716c498c8559ae7649a90,,,False,True,,"{""language_type"": ""Non-Tone"", ""language_family"": ""Wakashan"", ""functions"": ""tribename""}",,,,
